word	phoneme	tag
ক	k o	native
কং	k o ng	native
কংক	k o ng k O	native
কংকন	k o ng k o n	native
কংকর	k o ng k o r	native
কংস	k o ng sh O	native
কংসক	k o ng sh O k	native
কংসনগর	k o ng sh o n o g o r	native
কক	k o k	native
কক্বরক	k o k b o r k	native
কক্ষ	k o kkh O	tatsama
কক্ষপথ	k o kkh O p o th	tatsama
কক্ষসংকট	k o kkh o sh o ng k o T	tatsama
কক্ষসহ	k o kkh o sh o h O	tatsama
কক্স	k o k s	loanword
কখ	k o kh o	native
কখন	k o kh O n	native
কচ	k o ch	native
কচংগন	k o ch o ng g o n	native
কচমচ	k o ch m o ch	native
কচ্ছ	k o ch chh O	native
কচ্ছপ	k o ch chh O p	native
কচ্ছপসহ	k o ch chh o p T i sh o h O	native
কছম	k o chh O m	native
কছর	k o chh o r	native
কছরত	k o chh r o t	native
কজ	k o j	native
কজন	k o j O n	native
কজ্জল	k o j j o l	native
কঞ্জ	k o nj O	tatsama
কট	k o T	native
কটক	k o T o k	native
কটকট	k o T k o T	native
কটন	k o T O n	loanword
কটনসহ	k o T O n sh o h O	loanword
কটমট	k o T m o T	native
কট্টর	k o T T O r	native
কড	k o D	native
কত	k o t O	native
কতক	k o t O k	native
কতক্ষন	k o t O kkh O n	tatsama
কতজন	k o t O j o n	native
কততম	k o t O t o m O	native
কতল	k o t O l	native
কতশত	k o t O sh o t o	native
কতসংখ্যক	k o t O sh o ng kh o k	native
কত্ত	k o tt O	native
কত্থক	k o t th o k	native
কথ	k o th	native
কথক	k o th O k	native
কথন	k o th O n	native
কথ্য	k O t th O	native
কদ	k o d	native
কদক্ষর	k o d O kkh o r	tatsama
কদন্ন	k o d o nn O	native
কদম	k o d O m	native
কদম্ব	k o d o mb O	native
কদর	k o d O r	native
কদর্থ	k o d r o th O	native
কদর্য	k o d O r j O	native
কন	k o n	native
কনক	k o n O k	native
কনকন	k o n k o n	native
কনকর্ড	k o n k o r D	proper_noun
কনডম	k o n D O m	loanword
কনভয়	k o n bh o y	loanword
কনর	k o n o r	native
কন্টক	k o n T O k	native
কন্ঠ	k o n Th O	native
কন্ঠস্বর	k o n Th O sh o r	tatsama
কন্ঠ্য	k o n Th O	native
কন্ডন	k o n D o n	native
কন্দ	k o nd O	native
কন্দক	k o nd o k	native
কন্দর	k o nd o r	native
কন্দর্প	k o nd o r p O	native
কন্দল	k o nd o l	native
কন্ধ	k o ndh O	tatsama
কন্ধর	k o ndh o r	tatsama
কন্ব	k o n n O	native
কপ	k o p	native
কপট	k o p O T	native
কপর্দ	k o p O r d O	native
কপর্দক	k o p O r d o k	native
কফ	k o ph	native
কব	k o b	native
কবচ	k o b O ch	native
কবজ	k o b O j	native
কবন্ধ	k o b o ndh O	tatsama
কবর	k o b O r	native
কবরস্থ	k o b O r O sth O	native
কবল	k o b O l	native
কব্য	k O b b O	native
কম	k o m	native
কমজগত	k o m j o g O t	native
কমজগৎ	k o m j o g O t	native
কমঠ	k o m o Th	native
কমত	k O m t O	native
কমন	k o m O n	loanword
কমনজর	k o m n o j O r	native
কমনস	k o m O n s	loanword
কমন্স	k o m O n s	loanword
কমব	k o m b o	native
কমর	k O m o r	native
কমল	k o m O l	native
কমলগঞ্জ	k o m O l g o nj	tatsama
কমলনগর	k o m O l n o g O r	native
কমসংখ্যক	k o m sh o ng kh O k	native
কম্পন	k o mp O n	native
কম্প্র	k o m p r O	tatsama
কম্ব	k o mb	loanword
কম্বল	k o mb O l	native
কম্ম	k o mm O	native
কম্র	k o m r O	native
কর	k o r	native
করক	k o r o k	native
করকচ	k o r k o ch	native
করকর	k o r k o r	native
করচ	k o r O ch	native
করছ	k O r chh O	native
করত	k O r t O	native
করতল	k o r O t o l	native
করতলগত	k o r o t o l g o t o	native
করদ	k o r O d	native
করন	k o r O n	native
করন্ড	k o r O n D	loanword
করন্ডক	k o r O n D o k	native
করপত্র	k o r O p o tr O	native
করব	k O r b O	native
করবছর	k o r b o chh o r	native
করবর্ষ	k o r b o r sh O	tatsama
করভ	k o r O bh O	native
করম	k o r o m	native
করমজল	k o r O m j o l	native
করমর্দন	k o r O m o r d O n	native
করর	k o r o r	native
করল	k O r l O	native
করস	k o r O sh	native
করসহ	k o r sh o h O	native
করহ	k o r o h o	native
কর্ক	k o r k	loanword
কর্কট	k o r k o T	native
কর্কশ	k o r k o sh	native
কর্জ	k o r j O	native
কর্ড	k o r D	loanword
কর্ডন	k o r D o n	loanword
কর্তন	k o r t O n	native
কর্তনসহ	k o r t o n sh o h O	native
কর্তব	k o r t o b	native
কর্তব্য	k o r t O b b O	native
কর্তব্যরত	k O r t O b b O r o t O	native
কর্দম	k o r d o m	native
কর্ন	k o r n O	native
কর্প	k o r p	loanword
কর্পর	k o r p o r	native
কর্পস	k o r p o s	loanword
কর্ম	k o r m O	native
কর্মক্ষম	k o r m O kkh o m	tatsama
কর্মচঞ্চল	k o r m O ch o nch o l	tatsama
কর্মজজ্ঞ	k o r m O j O g g O	tatsama
কর্মঠ	k o r m O Th O	native
কর্মত	k o r m O t o	native
কর্মতৎপর	k o r m O t o t p o r	native
কর্মদল	k o r m O d o l	native
কর্মফল	k o r m O ph o l	native
কর্মব্যস্ত	k o r m O b A st O	native
কর্মময়	k o r m O m o y o	native
কর্মরত	k o r m O r o t O	native
কর্মসম্পর্ক	k o r m O sh o mp o r k O	native
কর্মস্থল	k o r m O sth o l	native
কর্ম্ম	k o r m m O	native
কর্য	k o r j O	native
কর্ষ	k o r sh O	tatsama
কল	k o l	native
কলং	k o l O ng	native
কলংক	k o l o ng k O	native
কলংকজনক	k o l o ng k o j o n o k	native
কলংকময়	k o l o ng k o m o y	native
কলংকশ	k o l O ng k o sh	native
কলকল	k o l k o l	native
কলক্কল	k o l o k k o l	native
কলঘর	k o l gh o r	native
কলত্র	k o l O tr O	native
কলন	k o l O n	native
কলন্তর	k o l o nt o r	native
কলপ	k o l O p	native
কলব	k o l o b	native
কলবল	k o l b o l	native
কলভ	k o l o b O	native
কলম	k o l O m	native
কলমতর	k o l O m t o r O	native
কলমদর	k o l o m d o r	native
কলম্ব	k o l o mb O	proper_noun
কলরব	k o l O r o b	native
কলস	k o l O sh	native
কলহ	k o l O h O	native
কলহপ্রবন	k o l o h pr O b o n	native
কলহসহ	k o l o h sh o h O	native
কল্ক	k o l k O	native
কল্প	k o l p O	native
কল্পন	k o l p O n	native
কল্প্য	k O l p O	native
কল্মশ	k o l m o sh	native
কল্য	k O l l O	native
কল্যবর্ত	k O l l O b o r t O	native
কশ	k o sh	native
কশন	k o sh O n	native
কশফ	k o sh ph	native
কশ্ট	k o sh T O	native
কশ্টকর	k o sh T o k o r	native
কশ্যপ	k o sh sh O p	native
কষ	k o sh	tatsama
কষ্ট	k o shT O	tatsama
কষ্টকর	k o shT O k o r	tatsama
কস	k o s	loanword
কসম	k o s O m	loanword
কসমস	k o s m o s	loanword
কসরত	k o s r O t	native
কস্ট	k o s T	loanword
কস্ত	k o st O	native
কস্য	k O sh sh O	native
কহ	k o h O	native
কহতব্য	k o h O t O b b O	native
কহন	k o h O n O	native
কহর	k o h O r	native
ক্ত	t k O	native
ক্বন	k o n	native
ক্বনন	k O n o n	native
ক্রকচ	kr O k o ch	native
ক্রন্দন	kr O nd O n	native
ক্রন্দনরত	kr O nd o n r o t o	native
ক্রপ	kr O p	loanword
ক্রপস	kr O p s	loanword
ক্রফট	kr O ph T	native
ক্রব্য	kr O b b O	native
ক্রম	kr O m O	native
ক্রমশ	kr O m O sh O	native
ক্রস	kr O s	native
ক্রয়	kr o y	native
ক্রয়ডন	kr o y o D o n	native
ক্লক	kl o k	loanword
ক্লজ	kl o j	loanword
ক্লথ	kl o th	loanword
ক্লদ	kl o d	loanword
ক্লম	kl o m	native
ক্ষ	kh O	tatsama
ক্ষত	kh o t O	tatsama
ক্ষত্র	kh o tr O	tatsama
ক্ষত্রপ	kh o tr O p	tatsama
ক্ষন	kh o n	tatsama
ক্ষন্তব্য	kh O nt O b b O	tatsama
ক্ষপনক	kh o p O n o k	tatsama
ক্ষম	kh o m O	tatsama
ক্ষম্য	kh o m m O	tatsama
ক্ষর	kh o r	tatsama
ক্ষরণ	kh o r O n	tatsama
ক্ষরন	kh o r O n	tatsama
ক্ষয়	kh o y	tatsama
কড়	k o r	native
কড়ংকস্য	k o r o ng k O sh sh O	native
কড়ক	k o r o k	native
কড়কড়	k o r k o r	native
কড়ম্ব	k o r o mb O	native
কড়মড়	k o r m o r	native
কয়	k o y	native
কয়ছর	k o y o chh o r	native
কয়জন	k o y o j o n	native
ক–বর্গ	k o b o r g O	native
খ	kh o	native
খং	kh o ng	native
খংগ	kh o ng g O	native
খক	kh o k	native
খগ	kh o g	native
খচখচ	kh o ch kh o ch	native
খচর	kh o ch O r	native
খচ্চর	kh o ch ch O r	native
খজল	kh o j o l	native
খঞ্জ	kh o nj O	tatsama
খঞ্জন	kh o nj O n	tatsama
খঞ্জর	kh o nj O r	tatsama
খট	kh o T	native
খটমট	kh o T m o T	native
খটরমটর	kh o T o r m o T o r	native
খত	kh o t O	native
খতম	kh o t O m	native
খতর	kh o t O r	native
খদ	kh o d	native
খদ্দর	kh o d d o r	native
খন	kh o n	native
খনকজন্ত্র	kh o n o k j o n t r O	native
খনখন	kh o n kh o n	native
খনন	kh o n O n	native
খননজন্ত্র	kh o n O n j o nt r O	native
খননযন্ত্র	kh o n O n j o n t r O	native
খননশহ	kh o n o n sh o h o	native
খন্ড	kh o n D O	native
খন্ডন	kh o n D O n	native
খন্ডশ	kh o n D O sh O	native
খন্ড্য	kh o n D D O	native
খন্দ	kh o nd O	native
খন্দক	kh o nd o k	native
খপ	kh o p	native
খপ্পর	kh o p p O r	native
খবর	kh o b O r	native
খবরপত্র	kh o b o O p o tr O	native
খমক	kh o m O k	native
খমধ্য	kh o m O d dh O	native
খর	kh o r	native
খরচ	kh o r O ch	native
খরচসহ	kh o r O ch sh o h O	native
খরজ	kh o r O j	native
খরব	kh o r o b	native
খর্জন	kh o r j O n	native
খর্পর	kh o r p O r	native
খর্ব	kh o r b O	native
খল	kh o l	native
খলক	kh o l o k	native
খলখল	kh o l kh o l	native
খলট	kh o l O T	native
খলবল	kh o l b o l	native
খলল	kh o l o l	native
খল্ল	kh o l l O	native
খসখস	kh o sh kh o sh	native
খসত	kh o sh o t	native
খসম	kh o sh o m	native
খসল	kh o sh o l o	native
খসলত	k o sh l o t	native
খড়	kh o r	native
খড়ম	kh o r O m	native
খড়্গ	kh o r g O	native
খড়্গহস্ত	kh o r g h o st O	native
খয়র	kh o y o r	native
খ––	kh o	native
গ	g o	native
গং	g o ng	native
গগ	g o g	native
গগন	g o g O n	native
গগলস	g o g o l s	native
গঘ	g o gh	native
গজ	g o j	native
গজগজ	g o j g o j	native
গজব	g o j O b	native
গজর	g o j o r	native
গজল	g o j O l	native
গজস্কন্ধ	g o j O s k o ndh O	tatsama
গঞ্জ	g o nj	tatsama
গট	g o T	native
গটগট	g o T g o T	native
গঠন	g o Th O n	native
গঠনগত	g o Th O n g o t O	native
গঠনতন্ত্র	g o Th O n t o n t r O	native
গঠনসহ	g o Th O n sh o h O	native
গড	g o D	native
গডস	g o D s	proper_noun
গড়	g o r	native
গণধর্ষণ	g o n O dh o r sh O n	tatsama
গণ্য	g O n n O	tatsama
গত	g o t O	native
গতবছর	g o t O b o chh O r	native
গতর	g o t O r	native
গত্যন্তর	g O t t a nt o r	native
গদ	g o d	native
গদগদ	g o d O g o d O	native
গদ্গদ	g o d g o d	native
গদ্য	g O d d O	native
গন	g o n O	native
গনক	g o n O k	native
গনকক্ষ	g o n O k o kkh O	tatsama
গনকন্ঠ	g o n O k o n Th O	native
গনকবর	g o n O k o b o r	native
গনগন	g o n g o n	native
গনতদন্ত	g o n O t o d o nt O	native
গনতন্ত্র	g o n O t o nt r O	native
গনধর্ষন	g o n O dh o r sh o n	native
গনফ্রন্ট	g o n O ph r O n T	loanword
গনভবন	g o n O bh o b O n	native
গন্ড	g o n D O	native
গন্ডক	g o n D O k	native
গন্তব্য	g O nt O b b O	native
গন্তব্যস্থল	g O nt o b b o sth o l	native
গন্দম	g o nd O m	native
গন্ধ	g o ndh O	tatsama
গন্ধক	g o ndh O k	tatsama
গন্ধর্ব	g o ndh o r b O	tatsama
গন্য	g o n n O	native
গপ	g o p	native
গপ্প	g o p p O	native
গবচন্দ্র	g o b ch o ndr O	native
গবর্নর	g o b O r n o r	native
গব্য	g O b b O	native
গবয়	g o b o y	native
গভ	g o bh	native
গভঃ	g o bh o	tatsama
গভর্নর	g o bh O r n o r	native
গভর্নরশহ	g o bh o r n o r sh o h o	loanword
গম	g o m	native
গমক	g o m o k	native
গমগম	g o m g o m	native
গমন	g o m O n	native
গমশহ	g o m sh o h o	native
গম্য	g O m m O	native
গর	g o r	native
গরংগল	g o r o ng g o l	native
গরগর	g o r g o r	native
গরজ	g o r O j	native
গরজন	g o r o j O n	native
গরদ	g o r O d	native
গরপছন্দ	g o r o p o chh o nd O	native
গরব	g o r b o	native
গরম	g o r O m	loanword_nativized
গরল	g o r O l	native
গরস	g o r O sh	native
গর্গর	g o r g o r	native
গর্জক	g o r j o k	native
গর্জন	g o r j O n	native
গর্ডন	g o r D O n	proper_noun
গর্ত	g o r t O	native
গর্দ	g o r d O	native
গর্দভ	g o r dh O b	native
গর্ব	g o r b O	native
গর্ভ	g o r bh O	native
গর্ভনর	g o r bh o n o r	native
গর্ভস্থ	g o r bh O sth O	native
গল	g o l	native
গলকম্বল	g o l o k o mb o l	native
গলগন্ড	g o l O g o n D O	native
গলগল	g o l g o l	native
গলগ্রহ	g o l gr O h o	native
গলত	g o l o t	native
গলদ	g o l O d	native
গলদঘর্ম	g o l O d O gh o r m O	native
গলদ্ঘর্ম	g o l O d gh o r m O	native
গলধঃকরন	g o l O dh O k o r O n	tatsama
গলন	g o l O n	native
গলফ	g o l ph	native
গলল	g o l o l	native
গল্প	g o l p O	native
গল্পগ্রন্থ	g o l p O gr O n th O	native
গল্পর	g o l p O r	native
গল্ফ	g o l ph	loanword
গলৎ	g o l o t	native
গশগশ	g o sh g o sh	native
গস্ত	g o st O	native
গহন	g o h O n	native
গহর	g o h O r	native
গহ্বর	g o h O b b o r	native
গ্রন্থ	gr O n th O	native
গ্রন্থন	gr O n th o n	native
গ্রস	gr O s	loanword
গ্রসন	gr O sh O n	native
গ্রহ	gr O h O	native
গ্রহণ	gr O h O n	tatsama
গ্রহন	gr O h O n	native
গ্রহনশহ	gr O h o n sh o h o	native
গ্লস	g l o s	loanword
গ্স	g s O	native
গৎ	g o t	native
গড়	g o r	native
গড়গড়	g o r g o r	native
গড়ন	g o r O n o	native
গড়ব	g o r b o	native
গড়বড়	g o r b o r	native
গড়ল	g o r l o	native
গয়ংগচ্ছ	g o y O ng g o ch chh O	native
গয়র	g o y o r	native
গয়রত	g o y r o t	native
গয়রহ	g o y r o h	native
ঘ	gh o	native
ঘচ	gh o ch	native
ঘট	gh o T	native
ঘটক	gh o T O k	native
ঘটকচর	gh o T o k ch o r	native
ঘটত	gh O T t O	native
ঘটন	gh o T O n	native
ঘটপট	gh o T p o T	native
ঘটরমটর	gh o T O r o m o T O r o	native
ঘটল	gh O T l O	native
ঘট্ট	gh o T T O	native
ঘট্টন	gh o T T O n	native
ঘন	gh o n O	native
ঘনঘন	gh o n O gh o n O	native
ঘনত্ব	gh o n O tt O	tatsama
ঘনবদ্ধ	gh o n o b o d dh O	tatsama
ঘন্ট	gh o n T O	native
ঘর	gh o r	native
ঘরট্ট	gh o r o T T O	native
ঘরময়	gh o r m o y	native
ঘরশহ	gh o r sh o h o	native
ঘর্ঘর	gh o r gh o r	native
ঘর্ম	gh o r m O	native
ঘর্ম্য	gh o r m O	native
ঘর্ষক	gh o r sh O k	tatsama
ঘর্ষণ	gh o r sh O n	tatsama
ঘর্ষন	gh o r sh O n	tatsama
ঘড়	gh o r	native
ঘড়ঘড়	gh o r gh o r	native
চ	ch o	native
চং	ch o ng	native
চংক্রমন	ch o ng kr O m o n	native
চক	ch o k	loanword
চকচক	ch o k ch o k	native
চকমক	ch o k m o k	native
চক্কর	ch o k k O r	native
চক্র	ch o kr O	native
চক্ষ	ch O kkh O	tatsama
চচ্চর	ch o ch ch o r	native
চচ্চড়	ch o ch ch o r	native
চঞ্চর	ch o nch o r	tatsama
চঞ্চল	ch o nch o l	tatsama
চট	ch o T	native
চটক	ch o T O k	native
চটপট	ch o T p o T	native
চট্	ch o T	native
চট্ট	ch o T T O	native
চট–চট	ch o T ch o T	native
চত্বর	ch o tt O r	tatsama
চত্বরশহ	ch o tt o r sh o h o	tatsama
চনক	ch o n O k	native
চনচন	ch o n ch o n	native
চনমন	ch o n m o n	native
চন্ড	ch o n D O	native
চন্দ	ch o nd O	native
চন্দক	ch o nd O k	native
চন্দন	ch o nd O n	native
চন্দননগর	ch o nd O n n o g O r	native
চন্দরপল	ch o nd O r p o l	native
চন্দ্র	ch o ndr O	native
চন্দ্রক	ch o ndr O k	native
চন্দ্রগঞ্জ	ch o ndr O g o nj	tatsama
চন্দ্রগ্রহন	ch o ndr O gr O h o n	native
চন্দ্রশহ	ch o ndr O sh o h o	native
চন্নন	ch o nn o n	native
চপ	ch o p	native
চপল	ch o p O l	native
চপ্পল	ch o p p O l	native
চবন	ch o b o n	native
চম	ch o m	native
চমক	ch o m O k	native
চমকপ্রদ	ch o m O k pr O d O	native
চমচম	ch o m ch o m	native
চমন	ch o m O n	native
চমর	ch o m O r	native
চমস	ch o m O sh	native
চম্পক	ch o mp o k	native
চম্পট	ch o mp o T	native
চমৎ	ch o m o t	native
চমৎকরন	ch o m O t k o r O n	native
চর	ch o r	native
চরক	ch o r O k	native
চরন	ch o r O n	native
চরব	ch o r O b	native
চরম	ch o r O m	native
চরমতম	ch o r O m t o m O	native
চরমপত্র	ch o r o m p o tr O	native
চরস	ch o r O sh	native
চরসংলগ্ন	ch o r sh o ng l o g n O	native
চর্পট	ch o r p o T	native
চর্ব	ch o r b O	native
চর্বন	ch o r b O n	native
চর্ব্য	ch o r b b O	native
চর্ভট	ch o r bh O T	native
চর্ম	ch o r m O	native
চর্য	ch o r j O	native
চল	ch o l	native
চলক	ch o l O k	native
চলত	ch O l t O	native
চলদল	ch o l d o l	native
চলন	ch o l O n	native
চলন্ত	ch o l O nt O	native
চলব	ch O l b O	native
চলল	ch O l l O	native
চল্	ch o l	native
চলৎ	ch o l O t	native
চশক	ch o sh O k	native
চশম	ch o sh O m	native
চহট	ch o h O T	native
চ্যবন	ch A b O n	native
চড়	ch o r	native
চড়ক	ch o r O k	native
চড়ন	ch o r O n	native
চড়বড়	ch o r b o r	native
চয়	ch o y	native
চয়ন	ch o y O n	native
ছ	chh o	native
ছংগ	chh o ng g O	native
ছক	chh o k	native
ছকরবন	chh o k o r b o n	native
ছক্কড়	chh o k k o r	native
ছট	chh o T	native
ছটফট	chh o T ph o T	native
ছতর	chh o t O r	native
ছত্তর	chh o tt o r	native
ছত্র	chh o tr O	native
ছত্রধর	chh o tr O dh o r	native
ছত্রভংগ	chh o tr O bh o ng g o	native
ছদ	chh o d	native
ছদ্ম	chh o d d O	tatsama
ছন	chh o n	native
ছনছন	chh o n chh o n	native
ছনমন	chh o n m o n	native
ছন্দ	chh o nd O	native
ছন্দপতন	chh o nd O p o t O n	native
ছন্দবন্ধ	chh o nd O b o ndh O	tatsama
ছন্দময়	chh o nd o m o y	native
ছন্ন	chh o nn O	native
ছপছপ	chh o p chh o p	native
ছফ	chh o ph	native
ছবর	chh o b o r	native
ছমছম	chh o m chh o m	native
ছয়	chh o y	native
ছল	chh o l	native
ছলচ্ছল	chh o l O chh chh o l	native
ছলছল	chh o l O chh o l O	native
ছড়	chh o r	native
ছয়	chh o y o	native
ছয়জন	chh o y j o n	native
ছয়জনশহন	chh o y j o n sh o h o	native
ছয়শ	chh o y sh o	native
জ	j o	native
জং	j o ng	native
জংগ	j o ng g	native
জংগম	j o ng g O m	native
জংগল	j o ng g o l	native
জংগলমহল	j o ng g o l m o h o l	native
জংঘ	j o ng gh O	native
জংশন	j o ng sh O n	native
জংসং	j o ng sh o ng	native
জক্ষ	j O kkh O	tatsama
জখন	j o kh O n	native
জখম	j o kh o m	native
জগ	j o g	native
জগজগ	j o g O j o g O	native
জগজ্জন	j o g O j j o n	native
জগঝম্প	j o g O jh o mp O	native
জগত	j o g O t	native
জগত্	j o g O t	native
জগদল	j o g d o l	native
জগদ্দল	j o g O d d o l	native
জগবন্ধ	j o g b o ndh O	tatsama
জগমন্ডল	j o g o m o n D o l	native
জগ্ধ	j o g dh O	native
জগৎ	j o g O t	native
জঘন	j o gh o n	native
জঘন্য	j o gh O n n O	native
জঘন্যতম	j o gh O n n O t o m O	native
জজ	j o j	native
জজন	j o j O n	native
জজশহ	j o j sh o h o	native
জজ্ঞ	j o g g O	tatsama
জট	j o T	native
জঠর	j o Th O r	native
জড়জন্ত্র	j o r o j o nt r O	native
জত	j o t O	native
জতক্ষন	j o t O kkh O n	tatsama
জতজন	j o t O j o n	native
জতন	j o t O n	native
জতসংখ্যক	j o t O sh o ng kh o k	native
জত্ত	j o tt O	native
জত্ন	j o t n O	native
জত্র	j o tr O	native
জত্রতত্র	j o tr O t o tr O	native
জন	j O n	native
জনক	j o n O k	native
জনকন্ঠ	j o n O k o n Th O	native
জনকন্ঠর	j o n o k o n Th o r	native
জনগন	j o n O g o n	native
জনগনমন	j o n O g o n O m O n	native
জনগনশহ	j o n o g o n sh o h o	native
জনঘনত্ব	j o n o gh o n o tt O	tatsama
জনজট	j o n j o T	native
জনন	j o n O n	native
জনপথ	j o n O p o th	native
জনপদ	j o n O p o d	native
জনবল	j o n O b o l	native
জনবলশহ	j o n o b o l sh o h o	native
জনবলসংকট	j o n o b o l sh o ng k o T	native
জনম	j o n O m	native
জনমত	j o n O m o t	native
জনস	j o n s	proper_noun
জনসন	j o n s o n	proper_noun
জনসমর্থন	j o n O sh o m O r th O n	native
জনসম্পদ	j o n O sh o mp o d	native
জনসহ	j o n sh o h O	native
জনস্টন	j o n s T o n	proper_noun
জন্তর	j o nt o r	native
জন্ত্র	j o n t r O	native
জন্ত্রক	j o nt r O k	native
জন্ত্রন	j o nt r O n	native
জন্ত্রসহ	j o nt r O sh o h O	native
জন্ম	j o n m O	native
জন্মগত	j o n m O g o t O	native
জন্মগ্রহন	j o n m O gr O h O n	native
জন্মবর্ষ	j o n m o b o r sh O	tatsama
জন্মরহস্য	j o n m o r o h o sh sh O	native
জন্মলগ্ন	j o n m o l o g n O	native
জন্মশত	j o n m o sh o t o	native
জন্মশতবর্ষ	j o n m O sh o t O b o r sh O	tatsama
জন্মশহর	j o n m O sh o h O r	native
জন্মসনদ	j o n m O sh o n O d	native
জন্য	j O n n O	native
জন্স	j o n s	loanword
জপ	j o p	native
জব	j o b	native
জবজব	j o b j o b	native
জবন	j o b O n	native
জবর	j o b O r	native
জবরজং	j o b O r j o ng	native
জবরদখল	j o b O r d o kh O l	native
জবরদস্ত	j o b o r d o st O	native
জবস	j o b s	proper_noun
জবহ্	j o b o h	native
জব্দ	j o b d O	native
জব্ধ	j o b d O	native
জম	j o m	native
জমক	j o m O k	native
জমজ	j o m O j	native
জমজম	j o m j o m	loanword
জমত	j o m o t o	native
জমল	j O m l O	native
জয়	j o y	native
জর	j o r	native
জরজর	j o r j o r	native
জরদ	j o r O d	native
জরদ্গব	j o r O d g o b	native
জর্জ	j o r j	proper_noun
জর্জর	j o r j o r	native
জর্ডন	j o r D o n	proper_noun
জর্মন	j o r m o n	native
জল	j o l	native
জলচর	j o l O ch o r	native
জলছত্র	j o l chh o tr O	native
জলজ	j o l O j O	native
জলজট	j o l O j o T	native
জলতরংগ	j o l t o r o ng g o	native
জলদ	j o l O d	native
জলধর	j o l O dh o r	native
জলনর	j o l O n o r	native
জলন্ত	j o l O nt O	native
জলপথ	j o l p o th	native
জলবসন্ত	j o l b o sh O nt O	native
জলমগ্ন	j o l m o g n O	native
জলরং	j o l r o ng	native
জল্প	j o l p O	native
জল্পক	j o l p o k	native
জশ	j o sh	native
জশদ	j o sh O d	native
জশবন্ত	j o sh b O nt O	native
জশম	j o sh o m	native
জস	j O sh	native
জসদ	j o sh O d	native
জসম	j o sh o m	native
জহন	j o h O n	native
জহমত	j o h O m o t	native
জহর	j o h O r	native
জহরত	j O h O r o t	native
জহরব্রত	j o h O r br O t O	native
জ্বর	j o r	native
জৎ	j o t	native
ঝটপট	jh o T p o T	native
ঝড়	jh o r	native
ঝমঝম	jh o m jh o m	native
ঝরঝর	jh O r O jh o r O	native
টব	T o b	loanword_nativized
টম	T o m	proper_noun
ট্রট	T r O T	loanword
টয়	T o y	loanword
ট–বর্গ	T o b o r g O	native
ঠ	Th o	native
ঠং	Th o ng	native
ঠক	Th o k	native
ঠকঠক	Th o k Th o k	native
ঠক্কর	Th o k k o r	native
ঠগ	Th o g	native
ঠন	Th o n	native
ঠমক	Th o m O k	native
ঠসক	Th o sh O k	native
ড	D o	native
ডং	D o ng	native
ডংক	D o ng k O	native
ডঃ	D o k T o r	tatsama
ডক	D o k	native
ডক্টর	D o k T O r	loanword
ডক্টরস	D o k T O r s	loanword
ডগ	D o g	native
ডগডগ	D o g D o g	native
ডগমগ	D o g m o g	native
ডগর	D o g o r	native
ডজন	D o j O n	loanword
ডট	D o T	loanword
ডটকম	D o T k o m	loanword
ডড	D o D	native
ডডনং	D o D o n o ng	native
ডন	D o n	native
ডন্ড	D o n D O	native
ডবল	D o b O l	native
ডমর	D o m o r	native
ডম্পক	D o mp o k	native
ডম্ফ	D o m ph O	native
ডর	D o r	native
ডল	D o l	native
ডলক	D o l O k	native
ডলন	D o l O n	native
ডলস	D o l s	loanword
ডল্লক	D o l l o k	native
ডস	D o s	loanword
ডহর	D o h O r	native
ড়	r o	native
ড্র	D r O	native
ড্রপ	D r O p	loanword
ড্রপড	D r O p D	loanword
ড্রপবক্স	D r O p b o k s	loanword
ড্রর	D r O r	loanword
ডয়ন	D o y O n	native
ঢ	Dh o	native
ঢং	Dh o ng	native
ঢক	Dh o k	native
ঢক্ক	Dh o k k O	native
ঢপ	Dh o p	native
ঢরঢর	Dh o r o Dh o r o	native
ঢল	Dh o l	native
ঢলক	Dh o l O k	native
ঢলঢল	Dh o l O Dh o l O	native
ঢলন	Dh o l O n	native
ঢল্ক	Dh o l k O	native
ঢসন	Dh o sh O n	native
ঢ়	r o	native
ণত্ব	n o tt O	tatsama
ত	t o	native
তং	t o ng	native
তক	t o k	native
তকতক	t o k t o k	native
তক্ত	t o kt O	native
তক্র	t o kr O	native
তক্ষক	t o kkh O k	tatsama
তখন	t o kh O n	native
তগর	t o g o r	native
তছনছ	t o chh n o chh	native
তজ্জন্য	t o j j O n n O	native
তঞ্চ	t o nch O	tatsama
তঞ্চক	t o nch o k	tatsama
তট	t o T	native
তটস্থ	t o T O sth O	native
তত	t o t O	native
ততঃ	t o t O h	tatsama
ততক্ষন	t o t O kkh O n	tatsama
তত্ত্ব	t o t t O	tatsama
তত্ত্বগত	t o t t O g o t O	tatsama
তত্পর	t o t p o r	native
তত্ব	t o tt O	tatsama
তত্র	t o tr O	native
তত্সংলগ্ন	t o t sh o ng l o g n O	native
তত্সম	t o t sh o m O	native
তত্সহ	t o t sh o h O	native
তথ্য	t O t th O	native
তথ্যগত	t O t th o g O t O	native
তথ্যছক	t o t th o chh o k	native
তথ্যসংগ্রহ	t o t th O sh o ng gr O h o	native
তথ্যসহ	t o t th O sh o h O	native
তদনন্তর	t o d o n o nt o r	native
তদন্ত	t o d O nt O	native
তদন্তসহ	t o d o nt o sh o h O	native
তদন্য	t o d O n n O	native
তদবস্থ	t o d O b o sth O	native
তদর্থ	t o d o r th O	native
তদর্থক	t o d o r th o k	native
তদর্পন	t o d o r p o n	native
তদসংলগ্ন	t o d o sh o ng l o g n O	native
তদ্	t o d	native
তদ্গত	t o d g o t O	native
তদ্বৎ	t o d b o	native
তদ্ভব	t o d bh o b	native
তন	t o n	native
তন্ডক	t o n D O k	native
তন্ত্র	t o n t r O	native
তন্ন	t o nn O	native
তন্নতন্ন	t o nn O t o nn O	native
তন্মন	t o n m o n	native
তন্ময়	t o n m o y	native
তনয়	t o n o y o	native
তপ	t o p O	native
তপন	t o p O n	native
তপ্ত	t o p t O	native
তব	t o b O	native
তবক	t o b O k	native
তবন	t o b O n	native
তবল	t o b O l	native
তবল্লক	t o b o l l o k	native
তম	t o m O	native
তমস	t o m O sh	native
তর	t o r O	native
তরংগ	t o r o ng g o	native
তরং্গ	t o r O ng g O	native
তরক	t o r k	native
তরঙ্গ	t o r O ngg O	native
তরণ	t O r O n	tatsama
তরতর	t o r t o r	native
তরন	t O r O n	native
তরপত	t o r p o t	native
তরপন্য	t o r o p o n n O	native
তরফ	t o r O ph	native
তরল	t o r O l	native
তরলং	t o r l o ng	native
তরস্ত	t o r O st O	native
তর্ক	t o r k O	native
তর্জন	t o r j O n	native
তর্পন	t o r p O n	native
তর–জল	j o r j o l	native
তর–তম	t o r O t o m O	native
তল	t o l	native
তলক	t o l O k	native
তলতল	t o l t o l	native
তলত্র	t o l O tr O	native
তলব	t o l O b	native
তলস্তয়	t o l o st o y o	native
তল্প	t o l p O	native
তল্ল	t o l l O	native
তশ্ট	t o sh T O	native
তসনস	t o sh n o sh	native
তসর	t o sh O r	native
তস্কর	t o s k o r	loanword
তস্ত	t o st O	native
তস্য	t o sh sh O	native
তহ	t o h	native
তহন	t o h O n	native
তহবন্দ	t o h b o nd O	native
ত্ব	t O	tatsama
ত্বক	t o k	tatsama
ত্বর	t o r	tatsama
ত্বরন	t o r O n	tatsama
ত্যক্ত	t A k t O	native
ত্যক্তলজ্জ	t A kt O l o j j O	native
ত্যজন	t A j O n	native
ত্র	tr O	native
ত্রসন	tr O sh O n	native
ত্রস্ত	tr O st O	native
ত্র্যংক	t r O ng k O	native
ত্র্যংশ	t r O ng sh O	native
ত্র্যক্ষর	t r O kkh O r	tatsama
ত্র্যম্বক	t r O mb o k	native
ত্র্যস্র	tr O s r O	native
ত্রয়	tr o y	native
তৎ	t o t	native
তৎপর	t o t p o r	native
তৎসংলগ্ন	t O t sh o ng l O g n O	native
তৎসম	t o t sh o m O	native
তৎসহ	t o t sh o h O	native
তড়	t o r	native
তড়তড়	t o r t o r	native
তয়	t o y	native
ত–খরচ	t o kh o r o ch	native
থ	th o	native
থক	th o k	native
থকথক	th o k th o k	native
থতমত	th o t O m o t O	native
থপ	th o p	native
থম	th o m	native
থমক	th o m O k	native
থমথম	th o m th o m	native
থমসন	th o m s o n	proper_noun
থম্পসন	th o mp s o n	proper_noun
থর	th o r	native
থরথর	th o r O th o r O	native
থর্প	th o r p O	native
থল	th o l	native
থলথল	th o l th o l	native
থসথস	th o sh th o sh	native
দ	d o	native
দং	d o ng	native
দংগল	d o ng g o l	native
দংশ	d o ng sh O	native
দংশক	d o ng sh O k	native
দংশন	d o ng sh O n	native
দংশ্ট্র	d o ng sh T r O	tatsama
দঃ	d o	tatsama
দক্ষ	d o kkh O	tatsama
দক্ষজজ্ঞ	d o kkh o j o g g O	tatsama
দখল	d o kh O l	native
দখলসহ	d o kh O l sh o h O	native
দখলস্বত্ব	d o kh o l sh o tt O	tatsama
দগদগ	d o g d o g	native
দগ্ধ	d o g dh O	native
দণ্ড	d o n D O	tatsama
দত	d o t O	native
দত্ত	d o tt O	native
দত্তক	d o tt O k	native
দত্তর	d o tt O r	native
দত্তসহ	d o tt o sh o h O	native
দধ্যম্ল	d O dh dh o m l O	native
দন	d o n	native
দন্ড	d o n D O	native
দন্ডক	d o n D O k	native
দন্ড্য	d O n D O	native
দন্ত	d o nt O	native
দন্তক	d o nt o k	native
দন্ত্য	d o nt O	native
দপ	d o p	native
দপদপ	d o p d o p	native
দপ্তর	d o p t O r	native
দপ্তরসহ	d o p t O r sh o h O	native
দপ্প	d o p p O	native
দপ্পন	d o p p o	native
দফ	d o ph	native
দফতর	d o ph t O r	native
দফন	d o ph o n	native
দব	d o b	native
দবজ	d o b o j	native
দম	d o m	native
দমক	d o m O k	native
দমকল	d o m k o l	native
দমদম	d o m d o m	native
দমন	d o m O n	native
দমনসহ	d o m o n sh o h O	native
দমবন্ধ	d o m b o ndh O	tatsama
দমসম	d o m sh o m	native
দম্প	d o mp O	native
দম্ফ	d o m ph O	native
দম্বল	d o mb o l	native
দম্ভ	d o m bh O	native
দম্য	d O m m O	native
দর	d o r	native
দরকসর	d o r k o sh o r	native
দরখ্ত	d o r o kh t O	native
দরদ	d o r O d	native
দরদর	d o r d o r	native
দরন	d o r O n	native
দরপতন	d o r p o t O n	native
দরপত্র	d o r p o tr O	native
দরবদর	d o r b o d o r	native
দরশ	d o r O sh	native
দরশন	d o r sh o n	native
দর্প	d o r p O	native
দর্পক	d o r p O k	native
দর্পন	d o r p O n	native
দর্ভ	d o r bh O	native
দর্শ	d o r sh O	native
দর্শক	d o r sh O k	native
দর্শন	d o r sh O n	native
দর্শনগত	d o r sh o n g o t o	native
দল	d o l	native
দলক	d o l o k	native
দলগত	d o l O g o t O	native
দলতন্ত্র	d o l t o n t r O	native
দলদল	d o l d o l	native
দলন	d o l O n	native
দলবদল	d o l b o d O l	native
দলবদ্ধ	d o l b o d dh O	tatsama
দলবল	d o l b o l	native
দলবলসহ	d o l b o l sh o h O	native
দলমত	d o l O m o t	native
দলমল	d o l m o l	native
দলম্মল	d o l O mm o l	native
দলসহ	d o l sh o h O	native
দশ	d o sh	native
দশক	d o sh O k	native
দশঘর	d o sh gh o r	native
দশজন	d o sh j o n	native
দশন	d o sh O n	native
দশম	d o sh O m	native
দশরথ	d o sh O r o th	native
দশ্ট	d o sh T O	native
দস	d o sh	native
দস্তক	d o st O k	native
দস্তখত	d o st O kh o t	native
দহন	d o h O n	native
দহর	d o h O r	native
দহরম	d o h O r o m	native
দহল	d o h O l	native
দহশত	d o h sh o t o	native
দ্বন্দ	d o nd O	native
দ্বন্দ্ব	d o n d O	native
দ্ব্যক্ষর	d d e kkh o r	tatsama
দ্ব্যর্থ	d A r th O	native
দ্ব্যর্থক	d A r th o k	native
দ্ব্যহ	d A h O	native
দ্বয়	d o y	native
দ্য	d a	native
দ্র	d r O	native
দ্রং	d r O ng	native
দ্রগড়	d r O g o r	native
দ্রব	d r O b O	native
দ্রবণ	d r O b O n	tatsama
দ্রবন	d r O b o n	native
দ্রব্য	d r O b b O	native
দ্রব্যসহ	d r O b b O sh o h O	native
দ্রশ্টব্য	d r O sh T O b b O	native
দড়	d o r	native
দড়বড়	d o r b o r	native
দয়	d o y	native
ধ	dh o	native
ধংস	dh o ng sh o	native
ধক	dh o k	native
ধকল	dh o k O l	native
ধট	dh o T	native
ধন	dh o n	native
ধনঞ্জয়	dh o n o nj o y	tatsama
ধনতন্ত্র	dh o n o t o n t r O	native
ধনসম্পদ	dh o n sh o mp o d	native
ধন্ড	d o n D O	native
ধন্ধ	dh o n d O	tatsama
ধন্ব	dh o n n O	native
ধন্য	dh O n n O	native
ধপ	dh o p	native
ধব	dh o b	native
ধবল	dh o b O l	native
ধম	dh o m	native
ধমক	dh o m O k	native
ধমন	dh o m O n	native
ধম্বন	dh o mb O n	native
ধম্ম	dh o mm O	native
ধর	dh o r	native
ধরণ	dh o r O n	tatsama
ধরত	dh O r t O	native
ধরন	dh o r o n	native
ধরব	dh O r b O	native
ধরম	dh o r O m	native
ধরল	dh O r l O	native
ধর্তব্য	dh o r t O b b O	native
ধর্ম	dh o r m O	native
ধর্মকর্ম	dh o r m O k o r m O	native
ধর্মগঞ্জ	dh o r m O g o nj	tatsama
ধর্মগ্রন্থ	dh o r m O gr O n th O	native
ধর্মগড়	dh o r m O g o r	native
ধর্মঘট	dh o r m O gh o T	native
ধর্মঘটসহ	dh o r m O gh o T sh o h O	native
ধর্মঘর	dh o r m O gh o r	native
ধর্মতত্ত্ব	dh o r m O t o t t O	tatsama
ধর্মদহ	dh o r m O d o h o	native
ধর্মবর্ন	dh o r m O b o r n O	native
ধর্মমত	dh o r m O m o t	native
ধর্মসহ	dh o r m O sh o h O	native
ধর্ম্ম	dh o r mm O	native
ধর্ম্য	dh o r m O	native
ধর্ষক	dh o r sh O k	tatsama
ধর্ষণসহ	dh o r sh O n sh o h O	tatsama
ধর্ষন	dh o r sh O n	tatsama
ধর্ষনসহ	dh o r sh o n sh o h O	tatsama
ধস	dh o sh	native
ধ্বংস	dh o ng sh O	native
ধ্বংসজজ্ঞ	dh o ng sh O j O g g O	tatsama
ধ্বংসসহ	dh o ng sh o sh o h O	tatsama
ধ্বজ	dh o j	tatsama
ধ্বনন	dh o n O n	tatsama
ধ্বস	dh o sh	tatsama
ধ্বসন	dh o sh o n	tatsama
ধ্বস্ত	dh o st O	tatsama
ধড়ফড়	dh o r ph o r	native
ধড়মড়	dh o r m o r	native
ন	n o	native
নং	n o ng	native
নক	n o k	native
নকর	n o k a r	native
নকল	n o k O l	native
নকলসহ	n o k o l sh o h O	native
নকশ	n o k sh O	native
নক্ত	n o kt O	native
নক্র	n o kr O	native
নক্ষত্র	n o kkh o tr O	tatsama
নখ	n o kh	native
নখর	n o kh O r	native
নগ	n o g O	native
নগজদল	n o g o j d o l	native
নগণ্য	n o g O n n O	tatsama
নগদ	n o g O d	loanword_nativized
নগন	n o g O n	native
নগন্য	n o g O n n O	native
নগন্যসংখ্যক	n o g o n n O sh o ng kh o k	native
নগর	n o g O r	native
নগরভবন	n o g O r bh o b O n	native
নগরসংলগ্ন	n o g O r sh o ng l o g n O	native
নগরসহ	n o g O r sh o h O	native
নগ্ন	n o g n O	native
নগ্নপদ	n o g n o p o d	native
নজর	n o j O r	native
নঞ্	n O y i	tatsama
নট	n o T	native
নটক	n o T o k o	native
নটন	n o T O n	native
নটবর	n o T o b o r	native
নটর	n o T O r	native
নঠ	n o Th O	native
নড্	n o D	native
নত	n o t O	native
নত্ব	n o tt O	tatsama
নথ	n o th	native
নদ	n o d	native
নদ্ধ	n o d dh O	tatsama
নধর	n o dh O r	native
নন	n o n	native
ননদ	n o n O d	native
ননদসহ	n o n o d sh o h O	native
ননস্টপ	n o n s T o p	loanword
নন্দ	n o nd O	native
নন্দন	n o nd O n	native
নন্দনতত্ত্ব	n o nd O n t o t t O	tatsama
নন্দ্য	n O nd O	native
নফর	n o ph O r	native
নফরৎ	n o ph o r o t	native
নফল	n o ph O l	native
নফস	n o ph s	loanword
নব	n o b O	native
নবজন্ম	n o b o j o n m O	native
নবত	n o b o t	native
নবতন	n o b O t o n	native
নবতর	n o b O t o r	native
নববংগ	n o b o b o ng g o	native
নববর্ষ	n o b O b o r sh O	tatsama
নববসন্ত	n o b O b o sh O nt O	native
নবম	n o b O m	native
নবরংগ	n o b o r o ng g o	native
নবরত্ন	n o b O r o t n O	native
নবলব্ধ	n o b o l o b dh O	native
নব্য	n O b b O	native
নবৎ	n o b o t	native
নমন	n o m O n	native
নমস্য	n o m O sh sh O	native
নম্বর	n o mb O r	native
নম্বরঃ	n o mb O r	tatsama
নম্বরপত্র	n o mb O r p o tr O	native
নম্বরফলক	n o mb o r ph o l o k	native
নম্বরসহ	n o mb O r sh o h O	native
নম্য	n o m m O	native
নম্র	n o m r O	native
নয়	n o y	native
নর	n o r O	native
নরক	n o r O k	native
নরটন	n o r T o n	native
নরম	n o r O m	loanword_nativized
নর্তক	n o r t O k	native
নর্তন	n o r t O n	native
নর্থ	n o r th	loanword
নর্দন	n o r d o n	native
নর্ম	n o r m O	native
নল	n o l	native
নলক	n o l O k	native
নলপত	n o l O p o t O	native
নলবল	n o l b o l	native
নশ্ট	n o sh T O	native
নশ্বর	n o sh sh o r	tatsama
নস	n o sh	native
নসব	n o sh o b	native
নস্কর	n o s k o r	loanword
নহর	n o h O r	native
ন্যস্ত	n A st O	native
নৎ	n o t	native
নড়	n o r	native
নড়চনড়	n o r ch o r	native
নড়চড়	n o r ch o r	native
নড়ন	n o r O n	native
নড়ল	n o r l o	native
নয়	n o y	native
নয়ছয়	n o y chh o y	native
নয়জন	n o y j o n	native
নয়জনসহ	n o y j o n sh o h O	native
নয়ন	n o y O n	native
নয়নসহ	n o y o n sh o h O	native
নয়নয়	n o y n o y	native
প	p o	native
পং	p o ng	native
পংক	p o ng k O	native
পংকজ	p o ng k O j	native
পক্ব	p o k k O	native
পক্ষ	p o kkh O	tatsama
পক্ষ্ম	p O kkh O	tatsama
পক্স	p o k s	loanword
পগ্গর	p o g g o r	native
পচ	p o ch	native
পচন	p o ch O n	native
পচপচ	p o ch p o ch	native
পচ্য	p O ch ch O	native
পছন্দ	p o chh O nd O	native
পছন্দক্রম	p o chh O nd O kr O m	native
পছন্দমত	p o chh O nd O m o t O	native
পছর	p o chh o r	native
পজংক	p O r j O ng k O	native
পঞ্চ	p o nch O	tatsama
পঞ্চগড়	p o nch O g o r	tatsama
পঞ্চগড়	p o nch o g o r	tatsama
পঞ্চগড়সহ	p o nch o g o r sh o h O	tatsama
পঞ্চদশ	p o nch O d o sh	tatsama
পঞ্চম	p o nch O m	tatsama
পঞ্চমত	p o nch O m o t O	tatsama
পঞ্চরত্ন	p o nch o r o t n O	tatsama
পঞ্চস্তম্ভ	p o nch o st o m bh O	tatsama
পঞ্জর	p o nj o r	tatsama
পট	p o T	native
পটপট	p o T p o T	native
পটল	p o T O l	native
পটস্থ	p o T O sth O	native
পটহ	p o T O h O	native
পট্ট	p o T T O	native
পট্টন	p o T T O n	native
পঠন	p o Th O n	native
পড়	p o r	native
পড়ছ	p O r chh O	native
পড়ত	p O r t O	native
পড়ন	p o r O n	native
পড়ন্ত	p o r O nt O	native
পড়ব	p O r b O	native
পড়ম	p o r O m	native
পড়ল	p O r l o	native
পণ	p o n	tatsama
পণ্য	p O n n O	tatsama
পত	p o t	native
পতংগ	p o t o ng g o	native
পতত্র	p o t O tr O	native
পতন	p o t O n	native
পতনময়	p o t o n m o y	native
পতপত	p o t p o t	native
পতর	p o t O r	native
পত্তন	p o tt O n	native
পত্তর	p o tt o r	native
পত্র	p o tr O	native
পতৎ	p o t o t	native
পথ	p o th	native
পথপ্রদর্শক	p o th pr O d O r sh O k	native
পথপ্রদর্শন	p o th pr O d o r sh o n	native
পথভ্রশ্ট	p o th O bh r O sh T O	native
পথসহ	p o th sh o h O	native
পথ্য	p O t th O	native
পদ	p o d	native
পদক	p o d O k	native
পদকসহ	p o d O k sh o h O	native
পদক্রম	p o d o kr O m	native
পদসহ	p o d O sh o h O	native
পদস্খলন	p o d o sh kh o l o n	native
পদস্থ	p o d O sth O	native
পদ্ম	p o d d O	native
পদ্মর	p o d d o r	tatsama
পদ্য	p O d d O	native
পন	p o n	native
পনব	p o n O b	native
পনস	p o n O sh	native
পন্ট	p o n T	loanword
পন্ড	p o n D O	native
পন্ডশ্রম	p o n D o s r O m	native
পন্ডস	p o n D sh	proper_noun
পন্ত	p o nt O	native
পন্থ	p o n th O	native
পন্নগ	p o nn o g	native
পন্য	p O n n O	native
পন্যদ্রব্য	p o n n o d r O b b O	native
পন্যসহ	p O n n O sh o h O	native
পপ	p o p	native
পপকর্ন	p o p k o r n	loanword
পবন	p o b O n	native
পবনসহ	p o b o n sh o h O	native
পম্প	p o mp O	native
পয়	p o y O	native
পয়জন	p o y j o n	native
পয়দল	p o y d o l	native
পয়মন্ত	p o y m o nt O	native
পয়স্য	p o y O sh sh O	native
পর	p o r	native
পরক	p o r O k	native
পরখ	p o r O kh	native
পরচ্ছন্দ	p o r O ch chh o nd O	native
পরজ	p o r O j	native
পরঞ্জয়	p o r O nj o y	tatsama
পরত	p O r t O	native
পরতঃ	p o r o t o h	tatsama
পরতন্ত্র	p o r O t o n t r O	native
পরতল	p o r t o l	native
পরত্র	p o r O tr O	native
পরধন	p o r O dh o n	native
পরধর্ম	p o r O dh o r m O	native
পরন	p o r O n	native
পরন্তপ	p o r O nt o p	native
পরপদ	p o r O p o d	native
পরপর	p o r p o r	native
পরব	p o r o b	native
পরবত	p o r b o t	native
পরবন্ধ	p o r b O ndh O	tatsama
পরবশ	p o r O b o sh	native
পরব্রত	p o r o br O t	native
পরব্রহ্ম	p o r O br O m h O	tatsama
পরম	p o r O m	native
পরমং	p o r o m o ng	native
পরমত	p o r O m o t	native
পরমব্রত	p o r O m br O t O	native
পরমব্রতর	p o r O m br O t O r	native
পরমহংস	p o r O m h o ng sh O	native
পরম্পর	p o r O mp o r	native
পরল	p O r l O	native
পরশ	p o r O sh	native
পরশ্ব	p o r O sh sh O	tatsama
পরসংগ	p o r sh o ng g O	native
পরস্পর	p o r O s p o r	loanword
পরস্ব	p o r O sh sh O	tatsama
পর্ন	p o r n	loanword
পর্পট	p o r p o T	native
পর্ব	p o r b O	native
পর্বত	p o r b O t	native
পর্ব্বত	p o r b O t	native
পর্য	p o r j O	native
পর্যটক	p o r j o T o k	native
পর্যটকসহ	p o r j O T o k sh o h O	native
পর্যটন	p o r j O T O n	native
পর্যটননগর	p o r j o T o n n o g O r	native
পর্যটনবর্ষ	p o r j o T o n b o r sh O	tatsama
পর্যটনসহ	p o r j o T o n sh o h O	native
পর্যন্ত	p O r j O nt O	native
পর্যসন	p O r o j O sh o n	native
পর্যস্ত	p O r j O st O	native
পর্য্যন্ত	p O r j O nt O	native
পর্ষদ	p o r sh O d	tatsama
পর্ষৎ	p o r sh o t	tatsama
পল	p o l	native
পলক	p o l O k	native
পলটন	p o l T o n	native
পলমল	p o l m o l	native
পলল	p o l o l l O	native
পল্টন	p o l T O n	native
পল্বল	p o l l o l	native
পল্যংক	p O l l O ng k O	native
পল্লব	p o l l O b	native
পশম	p o sh O m	loanword_nativized
পশ্ট	p o sh T O	native
পশ্বধম	p O sh sh O dh o m	tatsama
পসন্দ	p o sh o nd O	native
পসন্ন	p o sh o nn O	native
পহর	p o h o r	native
পহলব	p o h O l o b	native
প্ত	p t O	native
প্যন্ট	p A n T	loanword
প্র	pr O	native
প্রকট	pr O k o T	native
প্রকটতর	pr O k o T t o r o	native
প্রকর	pr O k o r	native
প্রকরন	pr O k o r o n	native
প্রকর্ষ	pr O k o r sh O	tatsama
প্রকর্ষন	pr O k o r sh O n	tatsama
প্রকল্প	pr O k O l p O	native
প্রকল্পসংলগ্ন	pr O k o l p o sh o ng l o g n O	compound
প্রকল্পসহ	pr O k o l p O sh O h O	native
প্রক্টর	pr O k T o r	native
প্রক্টরসহ	pr O k T o r sh o h O	native
প্রখর	pr O kh o r	native
প্রগত	pr O g o t O	native
প্রগন্ড	pr O g o n D O	native
প্রগমন	pr O g o m O n	native
প্রগলভ	pr O g o l o bh	native
প্রগল্ভ	pr O g o l bh O	native
প্রচ	pr O ch	native
প্রচন্ড	pr O ch o n D O	native
প্রচল	pr O ch o l	native
প্রচলন	pr O ch O l O n	native
প্রচ্ছদ	pr O ch chh o d	native
প্রচ্ছদসহ	pr O ch chh o d sh o h O	native
প্রচ্ছন্ন	pr O ch chh o nn O	native
প্রজ	pr O j	native
প্রজত	pr O j o t O	native
প্রজত্ন	pr O j o t n O	native
প্রজন	pr O j o n	native
প্রজনন	pr O j O n o n	native
প্রজননক্ষম	pr O j O n o n o kkh o m	tatsama
প্রজন্ম	pr O j o n m O	native
প্রজন্মসহ	pr O j o n m o sh o h O	native
প্রজ্জ্বলন	pr O j j O l o n	tatsama
প্রজ্বলন	pr O j j o l O n	tatsama
প্রতপ্ত	pr O t o p t O	native
প্রতর্ক	pr O t o r k O	native
প্রত্ন	pr O t n O	native
প্রত্নতত্ত্ব	pr O t n O t o t t O	tatsama
প্রত্নসম্পদ	pr O t n O sh o mp o d	native
প্রত্য	pr O t t O	native
প্রত্যংগ	pr O t t o ng g O	native
প্রত্যক্ষ	pr O t t O kkh O	tatsama
প্রত্যক্ষকরন	pr O t t O kkh O k o r o n	tatsama
প্রত্যক্ষন	pr O t t O kkh O n	tatsama
প্রত্যন্ত	pr O t t o nt O	native
প্রত্যবয়ব	pr O t t O b o y o b	native
প্রত্যর্পণ	pr O t t o r p o n	tatsama
প্রত্যর্পন	pr O t t o r p o n	native
প্রত্যহ	pr O t t O h O	native
প্রত্যয়	pr O t t o y	native
প্রত্যয়ন	pr O t t O y n	native
প্রত্যয়নপত্র	pr O t t O y n p o tr O	native
প্রথম	pr O th O m	native
প্রথমজন	pr O th O m j O n	native
প্রথমত	pr O th O m o t O	native
প্রথমতঃ	pr O th O m o t O	tatsama
প্রথমপত্র	pr O th O m p o tr O	native
প্রদত্ত	pr O d o tt O	native
প্রদর	pr O d o r	native
প্রদর্শক	pr O d O r sh O k	native
প্রদর্শন	pr O d o r sh o n	native
প্রদর্শনসহ	pr O d o r sh O n sh o h O	native
প্রন	pr O n	native
প্রনত	pr O n o t O	native
প্রনব	pr O n o b	native
প্রনশ্ট	pr O n o sh T O	native
প্রনয়	pr O n o y	native
প্রনয়ন	pr O n o y o n	native
প্রনয়নসহ	pr O n o y o n sh o h O	native
প্রপঞ্চ	pr O p o nch O	tatsama
প্রপতন	pr O p o t O n	native
প্রপন্ন	pr O p o nn O	native
প্রবংশ	pr O b o ng sh O	native
প্রবচন	pr O b O ch o n	native
প্রবঞ্চক	pr O b o nch o k	tatsama
প্রবন	pr O b O n	native
প্রবন্ধ	pr O b O ndh O	tatsama
প্রবন্ধগ্রন্থ	pr O b o ndh O gr O n th O	compound
প্রবর	pr O b o r	native
প্রবর্ত	pr O b o r t O	native
প্রবর্তক	pr O b o r t O k	native
প্রবর্তন	pr O b O r t O n	native
প্রবল	pr O b o l	native
প্রবলতর	pr O b o l o t o r	native
প্রবসন	pr O b o sh O n	native
প্রবহ	pr O b o h O	native
প্রভঞ্জন	pr O bh o nj O n	tatsama
প্রভব	pr O bh o b	native
প্রমত্ত	pr O m O tt O	native
প্রমথ	pr O m O th	native
প্রমথন	pr O m o th O n	native
প্রম্পট	pr O mp T	native
প্রলপন	pr O l O p o n	native
প্রলম্ব	pr O l O mb O	native
প্রলয়	pr O l o y	native
প্রশংসন	pr O sh o ng sh o n	native
প্রশমন	pr O sh O m o n	native
প্রশস্ত	pr O sh o st O	native
প্রশস্তকরন	pr O sh o st O k o r o n	native
প্রশস্তকরনসহ	pr O sh o st O k o r o n sh o h O	native
প্রশস্ততর	pr O sh o st O t o r O	native
প্রশস্য	pr O sh O sh sh O	native
প্রশ্টব্য	pr O sh T O b b O	native
প্রশ্ন	pr O sh n O	native
প্রশ্নপত্র	pr O sh n O p o tr O	native
প্রশ্নপত্রসহ	pr O sh n O p o tr O sh o h O	native
প্রশ্নসহ	pr O sh n O sh o h O	native
প্রশ্রয়	pr O s r o y	native
প্রসংগ	pr O sh o ng g O	native
প্রসংগত	pr O sh o ng g t O	native
প্রসক্ত	pr O sh o kt O	native
প্রসঞ্জন	pr O sh o nj o n	tatsama
প্রসন্ন	pr O sh o nn O	native
প্রসন্নর	pr O sh o nn O r	native
প্রসব	pr O sh O b	native
প্রসর	pr O sh o r	native
প্রসর্পন	pr O sh o r p O n	native
প্রস্ত	pr O st O	native
প্রস্তত	pr O st u t	native
প্রস্তর	pr O st o r	native
প্রস্থ	pr O sth O	native
প্রস্রবন	pr O s r O b o n	native
প্রহত	pr O h o t O	native
প্রহর	pr O h o r	native
প্রহরন	pr O h o r o n	native
প্রহসন	pr O h O sh o n	native
প্র্রথম	p r r O th o m	native
প্লক্ষ	p l O kkh O	tatsama
প্লট	p l o T	loanword
প্লব	p l O b O	loanword
ফ	ph o	native
ফক	ph o k	native
ফকফক	ph o k ph o k	native
ফকর	ph o k o r	native
ফক্স	ph o k s	loanword
ফক্সকন	ph o k s k o n	loanword
ফখর	ph o kh o r	native
ফগ	ph o g	native
ফচফচ	ph o ch ph o ch	native
ফজর	ph o j O r	native
ফজল	ph o j o l	native
ফট	ph o T	loanword
ফটক	ph o T O k	native
ফটকসংলগ্ন	ph o T O k sh o ng l o g n O	native
ফটকসহ	ph o T O k sh o h O	native
ফড়	ph o r	native
ফড়ফড়	ph o r ph o r	native
ফন	ph o n	native
ফনম	ph o n m	native
ফন্ট	ph o n T	loanword
ফয়	ph o y	native
ফয়সল	ph o y sh o l	native
ফর	ph o r	native
ফরক	ph o r o k	native
ফরজ	ph o r O j	native
ফরফর	ph o r ph o r	native
ফরম	ph o r m	loanword
ফরমসহ	ph o r m sh o h O	native
ফর্ক	ph o r k	loanword
ফর্দ	ph o r d O	native
ফর্ম	ph o r m	loanword
ফল	ph o l	native
ফলংগ	ph o l O ng g O	native
ফলক	ph o l O k	native
ফলজ	ph o l O j O	native
ফলত	ph O l t O	native
ফলদ	ph o l O d	native
ফলন	ph o l O n	native
ফলন্ত	ph o l o nt O	native
ফলল	ph o l o l	native
ফলস	ph o l s	loanword
ফলসহ	ph o l sh o h O	native
ফলস্	ph o l o sh	native
ফল্ট	ph o l T	loanword
ফস	ph o sh	native
ফসল	ph o sh O l	native
ফ্রক	ph r O k	loanword
ফ্রজন্দ	ph r O j o nd a	loanword
ফ্রন	ph r O n	loanword
ফ্রন্ট	ph r O n T	loanword
ফ্রম	ph r O m	loanword
ফ্রস্ট	ph r O s T	loanword
ফ্লপ	ph l o p	loanword
ফ্লস	ph l o s	loanword
ব	b o	native
বং	b o ng	native
বংক	b o ng k O	native
বংগ	b o ng g O	native
বংগজ	b o ng g o j	native
বংগদর্শন	b o ng g o d o r sh o n	native
বংগভংগ	b o ng g o bh o ng g o	native
বংগভবন	b o ng g o bh o b o n	native
বংশ	b o ng sh O	native
বংশগত	b o ng sh O g O t O	native
বংশধর	b o ng sh O dh o r	native
বংশবদ	b o ng sh O b o d O	native
বংশ্য	b o ng sh sh O	native
বঃ	b o h	tatsama
বক	b o k	native
বকচর	b o k ch o r	native
বকজন্ত্র	b o k j o n t r O	native
বকবক	b o k b o k	native
বকম	b o k o m	native
বকর	b o k o r	native
বকরসহ	b o k o r sh o h O	native
বকলম	b o k o l O m	native
বকলশ	b o k l o sh	native
বকশ	b o k sh o	native
বকস	b o k sh o	native
বক্কর	b o k k O r	native
বক্তব্য	b o kt O b b O	native
বক্তব্যসহ	b o kt o b b o sh o h O	native
বক্ত্র	b o k t r O	native
বক্র	b o kr O	native
বক্ষ	b o kkh O	tatsama
বক্স	b o k s	loanword
বখত	b o kh o t	native
বখশ	b o kh sh	native
বখস	b o kh sh	native
বখ্ত	b o kh t O	loanword_nativized
বখ্শ	b o kh sh O	native
বখ্স	b o kh sh O	loanword_nativized
বগ	b o g	native
বগয়রহ	b o g o y r o h	native
বগল	b o g O l	native
বগলস	b o g o l sh	native
বগস	b o g sh	native
বঙ্গ	b o ngg O	native
বঙ্গজ	b o ngg O j	native
বচ	b o ch O	native
বচন	b o ch O n	native
বচ্চন	b o ch ch o n	native
বচ্ছর	b o ch chh o r	native
বছর	b o chh O r	native
বছরসহ	b o chh o r sh o h O	native
বজ	b o j	native
বজবজ	b o j b o j	native
বজর	b o j o r	native
বজরং	b o j r o ng	native
বজল	b o j o l	native
বজ্র	b o j r O	native
বজ্রকন্ঠ	b o j r O k o n Th O	native
বজ্রঝড়	b o j r O jh o r o	native
বজ্রসহ	b o j r O sh o h O	native
বঞ্চক	b o nch o k	tatsama
বঞ্চন	b o nch o n	tatsama
বঞ্চব	b o nch o b O	tatsama
বঞ্চহ	b o nch o h	tatsama
বট	b o T	native
বটক	b o T O k	native
বটম	b o T o m	native
বড	b o D	native
বড়	b o r O	native
বড়দল	b o r o d o l	native
বড়বড়	b o r b o r	native
বড়সড়	b o r o sh o r o	native
বড়হর	b o r O h o r	native
বড্ড	b o D D O	native
বতক	b o t o k	native
বতর	b o t O r	native
বত্ত	b o tt O	native
বদ	b o d	native
বদন	b o d O n	native
বদর	b o d O r	native
বদরগঞ্জ	b o d O r g o nj	tatsama
বদল	b o d O l	native
বদস্ত	b o d o st O	loanword_nativized
বদহজম	b o d h o j O m	native
বদ্ধ	b o d dh O	tatsama
বধ	b o dh	native
বন	b o n	native
বনজ	b o n O j	native
বনজংগল	b o n j o ng g o l	native
বনধ	b o n dh o	native
বনবন	b o n b o n	native
বনশল	b o n o sh o l	native
বনসংরক্ষক	b o n sh o ng r o kkh o k	tatsama
বনসংলগ্ন	b o n sh o ng l o g n O	native
বনসম্পদ	b o n sh o mp o d	native
বনসহ	b o n sh o h O	native
বন্টক	b o n T o k	native
বন্টন	b o n T O n	native
বন্টনসহ	b o n T o n sh o h O	native
বন্ঠ	b o n Th O	native
বন্ড	b o n D	loanword
বন্ডসহ	b o n D sh o h O	loanword
বন্দ	b o nd O	native
বন্দক	b o nd o k	native
বন্দন	b o nd o n	native
বন্দর	b o nd O r	loanword_nativized
বন্দরনগর	b o nd O r n o g O r	native
বন্দরসহ	b o nd O r sh o h O	native
বন্দ্য	b o nd O	native
বন্ধ	b o ndh O	tatsama
বন্ধক	b o ndh o k	tatsama
বন্ধন	b o ndh O n	tatsama
বন্ধসহ	b o ndh o sh o h O	tatsama
বন্ধ্	b o ndh	tatsama
বন্ধ্য	b o n dh O	tatsama
বন্ধ্যত্ব	b o n dh O tt O	tatsama
বন্ন	b o nn O	native
বন্নক	b o nn O k	native
বন্য	b O n n O	native
বপন	b o p O n	native
বপ্তব্য	b o p t O b b O	native
বপ্র	b o pr O	native
বব	b o b	native
ববমবম	b o b o m b o m	native
বম	b o m	native
বমন	b o m O n	native
বমবম	b o m b o m	native
বম্ব	b o mb	loanword
বম্ভ	b o m bh O	native
বয়	b o y	native
বয়ঃ	b o y O h	tatsama
বয়কট	b o y k o T	loanword
বয়কটরত	b o y k o T r o t o	loanword
বয়ন	b o y O n	native
বয়ল	b o y o l	native
বয়স	b o y O sh	native
বয়স্ক	b o y O s k O	tatsama
বয়স্য	b o y O sh sh O	native
বর	b o r	native
বরং	b o r O ng	native
বরংচ	b o r O ng ch O	native
বরক	b o r o k	native
বরকত	b o r k O t	native
বরকতময়	b o r k o t m o y	native
বরকল	b o r k o l	native
বরখত	b o r o kh o t	native
বরচন্দন	b o r ch o nd o n	native
বরজ	b o r O j	native
বরজসহ	b o r o j sh o h O	native
বরঞ্চ	b o r O nch O	tatsama
বরত	b o r o t	native
বরতরফ	b o r t o r O ph	native
বরন	b o r o n	native
বরন্ড	b o r o n D O	native
বরপক্ষ	b o r p o kkh O	tatsama
বরফ	b o r O ph	native
বরফকল	b o r o ph k o l	native
বরফখন্ড	b o r o ph kh o n D O	native
বরশ	b o r o sh	native
বরসহ	b o r sh o h O	native
বরহ	b o r o h	native
বরহক	b o r o h o k	native
বর্গ	b o r g O	native
বর্চঃ	b o r ch O h	tatsama
বর্জক	b o r j O k	native
বর্জন	b o r j O n	native
বর্জনসহ	b o r j o n sh o h O	native
বর্জ্য	b o r j O	native
বর্তক	b o r t O k	native
বর্তন	b o r t O n	native
বর্ত্তন	b o r t o n	native
বর্ত্ম	b o r t O	native
বর্ধক	b o r dh O k	native
বর্ধন	b o r dh O n	native
বর্ন	b o r n O	native
বর্নগত	b o r n o g o t o	native
বর্নন	b o r n o n	native
বর্নসহ	b o r n o sh o h O	native
বর্ব	b o r b O	native
বর্বর	b o r b o r	native
বর্বরতম	b o r b o r O t o m O	native
বর্ম	b o r m O	native
বর্মন	b o r m O n	native
বর্য	b o r j O	native
বর্ষ	b o r sh O	tatsama
বর্ষন	b o r sh O n	tatsama
বর্ষবরন	b o r sh o b o r o n	tatsama
বর্হ	b o r h O	native
বল	b o l	native
বলক	b o l O k	native
বলক্ষ	b o l O kkh O	tatsama
বলছ	b O l chh O	native
বলত	b O l t O	native
বলদ	b o l O d	native
বলন	b o l O n	native
বলব	b O l b O	native
বলবত	b o l O b o t O	native
বলবত্	b o l o b o t	native
বলবয়	b o l b o y	native
বলবৎ	b o l b O t	native
বলয়	b o l o y	native
বলল	b O l l O	native
বলস	b o l s	native
বল্ক	b o l k	loanword
বল্গ	b o l g O	native
বল্য	b O l l O	native
বল্লব	b o l l o b	native
বল্লভ	b o l l o bh	native
বল্লম	b o l l O m	native
বল্লমসহ	b o l l o m sh o h O	native
বশ	b o sh	native
বশংবদ	b o sh o ng b o d	native
বশট্	b o sh O T	native
বশত	b o sh t O	native
বশতঃ	b o sh t o	tatsama
বশর	b o sh O r	native
বশ্য	b O sh sh O	native
বস	b o sh O	native
বসটক	b o sh T o k	native
বসত	b o sh O t	native
বসতঘর	b o sh O t gh o r	native
বসতঘরসহ	b o sh o t gh o r sh o h O	native
বসন	b o sh O n	native
বসন্ত	b o sh O nt O	native
বসন্তবরন	b o sh O nt O b o r O n	native
বসব	b O sh b O	native
বসয়	b o sh o y	native
বসল	b O sh l O	native
বস্ক	b o s k	loanword
বস্টন	b o s T o n	loanword
বস্তব্য	b o st O b b O	native
বস্ত্র	b o s t r O	native
বস্ত্রকল	b o s t r O k o l	native
বস্ত্রপন্য	b o s t r O p o n n O	native
বস্ত্রহরণ	b o s t r O h o r O n	tatsama
বস্ত্রহরন	b o s t r O h o r O n	native
বহ	b o h O	native
বহত	b o h o t o	native
বহন	b o h O n	native
বহর	b o h O r	native
বহল	b o h o l o	native
ব্যংগ	b A ng g O	native
ব্যংগ্য	b A ng g O	native
ব্যক্ত	b A kt O	native
ব্যগ	b A g	native
ব্যগ্র	b A gr O	native
ব্যজন	b A j O n	native
ব্যঞ্জক	b A nj O k	tatsama
ব্যঞ্জন	b A nj O n	tatsama
ব্যঞ্জনবর্ণ	b A nj O n b o r n O	tatsama
ব্যঞ্জনবর্ন	b A nj o n b o r n O	tatsama
ব্যত্যয়	b A t t o y	native
ব্যপক	b A p O k	native
ব্যপম	b A p O m	native
ব্যপহরন	b A p O h o r O n	native
ব্যবকলন	b A b O k o l O n	native
ব্যয়	b A y	native
ব্যয়সহ	b A y o sh o h O	native
ব্যর্থ	b A r th O	native
ব্যস	b A sh	native
ব্যসন	b A sh O n	native
ব্যস্ত	b A st O	native
ব্যস্ততম	b A st O t o m O	native
ব্যহত	b A h O t O	native
ব্রংকহর্স্ট	br O ng k h o r s T	proper_noun
ব্রজ	br O j O	native
ব্রড	br O D	loanword
ব্রত	br O t o	native
ব্রন	br O n	native
ব্রহ্ম	br O m h O	tatsama
ব্রহ্মচর্য	br O m m o ch o r j O	tatsama
ব্ল	bl o	loanword
ব্লক	bl o k	loanword
ব্লকসহ	bl o k sh o h O	loanword
ব্লগ	bl O g	loanword
ব্লগসহ	bl o g sh o h O	loanword
ব্লন্ড	bl o n D	loanword
ব্লসম	bl O s O m	loanword
বৎ	b o t	native
বৎস	b o t sh O	native
বৎসর	b o t sh O r	native
বৎসল	b o t sh o l	native
ভ	bh o	native
ভংগ	bh o ng g O	native
ভংগকরন	bh o ng g o k o r o n	native
ভংগ্য	bh o ng g O	native
ভংত	bh o ng t O	native
ভকত	bh o k o t	native
ভক্ত	bh o kt O	native
ভক্ষ	bh O kkh O	tatsama
ভক্ষক	bh O kkh O k	tatsama
ভক্ষন	bh o kkh o n	tatsama
ভগ	bh o g O	native
ভগত	bh o g o t	native
ভগত্	bh o g o t	native
ভগন	bh o g o n	native
ভগন্দর	bh o g o nd o r	native
ভগবত	bh o g o b o t o	native
ভগবত্	bh o g o b o t	native
ভগবদ্দত্ত	bh o g o b o d d o tt O	native
ভগবদ্ভক্ত	bh o g o b o d bh o kt O	native
ভগবন	bh o g O b o n	native
ভগবৎ	bh o g O b o t	native
ভগ্ন	bh o g n O	native
ভগৎ	bh o g o t	native
ভচক্র	bh o ch o kr O	native
ভজকট	bh o j O k o T O	native
ভজন	bh o j O n	native
ভঞ্জক	bh o nj o k	tatsama
ভঞ্জন	bh o nj o n	tatsama
ভট	bh o T	native
ভটভট	bh o T bh o T	native
ভট্ট	bh o T T O	native
ভড়	bh o r	native
ভড়ং	bh o r o ng	native
ভড়ভড়	bh o r bh o r	native
ভদন্ত	bh o d o nt O	native
ভদ্র	bh o d r O	native
ভদ্রস্থ	bh o d r O sth O	native
ভন	bh o n	native
ভনভন	bh o n bh o n	native
ভন্ড	bh o n D O	native
ভব	bh o b O	native
ভবদহ	bh o b O d o h O	native
ভবন	bh o b O n	native
ভবনধস	bh o b o n dh o sh	native
ভবনসংলগ্ন	bh o b o n sh o ng l o g n O	native
ভবনসহ	bh o b O n sh o h O	native
ভব্য	bh O b b O	native
ভমর	bh o m o r	native
ভয়	bh o y	native
ভয়ংকর	bh o y o ng k o r	native
ভয়ংকরতম	bh o y o ng k o r t o m o	native
ভয়ডর	bh o y D o r	native
ভয়দ	bh o y O d	native
ভর	bh o r	native
ভরছন	bh o r o chh o n o	native
ভরণ	bh o r O n	tatsama
ভরত	bh o r O t	native
ভরন	bh o r O n	native
ভরন্ত	bh o r O nt O	native
ভরব	bh o r b o	native
ভরভর	bh o r bh o r	native
ভরম	bh o r O m	native
ভরল	bh o r l o	native
ভর্গ	bh o r g O	native
ভর্জন	bh o r j O n	native
ভর্তব্য	bh o r t O b b O	native
ভর্ৎসক	bh o r t sh o k	native
ভল	bh o l o	native
ভল্ট	bh o l T	loanword
ভশক	bh o sh o k	native
ভশল	bh o sh o l	native
ভস	bh o sh	native
ভসভস	bh o sh bh o sh	native
ভসম	bh o sh o m	native
ভস্তক	bh o st O k	native
ভস্ম	bh o sh sh O	tatsama
ভ্রংশ	bh r O ng sh O	native
ভ্রম	bh r O m O	native
ভ্রমণ	bh r O m O n	tatsama
ভ্রমন	bh r O m o n	native
ভ্রমনকর	bh r O m o n k o r	native
ভ্রমনরত	bh r O m O n r o t O	native
ভ্রমর	bh r O m O r	native
ভ্রমরক	bh r O m o r o k	native
ভ্রশ্ট	bh r O sh T O	native
ভ্রষ্ট	bh r O shT O	tatsama
ম	m o	native
মং	m o ng	native
মংগল	m o ng g o l	native
মংগলকর	m o ng g o l k o r	native
মংগলজনক	m o ng g o l j o n o k	native
মংগলময়	m o ng g o l m o y	native
মংমং	m o ng m o ng	native
মং্গল	m O ng g O l	native
মক	m o k	native
মকমক	m o k m o k	native
মকম্মল	m o k o mm o l	native
মকর	m o k O r	native
মকরন্দ	m o k O r o nd O	native
মক্কর	m o k k o r	native
মক্তব	m o kt o b	native
মক্স	m o k s	loanword
মখ	m o kh o	native
মখমল	m o kh m o l	native
মগ	m o g	native
মগজ	m o g O j	native
মগদ	m o g O d	native
মগন	m o g O n	native
মগ্ন	m o g n O	native
মচ	m o ch	native
মচ্ছব	m o ch chh o b	native
মচ্ছর	m o ch chh o r	native
মছনদ	m o sh n o d	native
মছলত	m o chh l o t	native
মজহব	m o j h o b	native
মজ্জন	m o j j o n	native
মঞ্চ	m o nch O	tatsama
মঞ্চক	m o nch o k	tatsama
মঞ্চসহ	m o nch O sh o h O	tatsama
মঞ্চস্থ	m o nch O sth O	tatsama
মঞ্জন	m o nj o n	tatsama
মঞ্জর	m o nj o r	tatsama
মট	m o T	native
মটমট	m o T m o T	native
মটর	m o T O r	native
মটরস	m o T O r s	loanword
মঠ	m o Th	native
মডস	m o D s	loanword
মড়ক	m o r o k	native
মড়ক্	m o r O k	native
মড়মড়	m o r m o r	native
মণ্ডপ	m o n D O p	tatsama
মত	m o t	native
মতন	m o t O n	native
মতলব	m o t l O b	native
মত্ত	m o tt O	native
মত্স্য	m o t sh O	native
মথ	m o th	native
মথন	m o th O n	native
মদ	m o d	native
মদক	m o d o k	native
মদত	m o d o t	native
মদদ	m o d o d	native
মদন	m o d O n	native
মদনগঞ্জ	m o d o n g o nj	tatsama
মদসহ	m o d sh o h O	native
মদ্য	m o d d O	native
মদ্যপ	m o d d O p	native
মদ্র	m o d r O	native
মধ্য	m O d dh O	native
মধ্যচর	m o d dh o ch o r	native
মধ্যনগর	m o d dh o n o g o r	native
মধ্যবয়স্ক	m o d dh o b o y o s k o	loanword
মধ্যম	m O d dh O m	native
মন	m o n	native
মনঃ	m o n o h sh o n dh i sh th o l e r o k sh e t r e p o r o p o d e r o p r o th o m o b o r n e r o d b i t b o u ch ch a r o n o	tatsama
মনঃকশ্ট	m o n o k o sh T O	tatsama
মনঃস্থ	m o n o sth O	tatsama
মনন	m o n O n	native
মনমথ	m o n m o th o	native
মনসব	m o n sh o b	native
মনস্ক	m o n o s k O	tatsama
মনস্তত্ত্ব	m o n O st o t t O	tatsama
মনস্থ	m o n O sth O	native
মন্ড	m o n D O	native
মন্ডন	m o n D o n	native
মন্ডপ	m o n D o p	native
মন্ডল	m o n D o l	native
মন্ডলসহ	m o n D o l sh o h O	native
মন্তব্য	m o nt O b b O	native
মন্তব্যসহ	m o nt o b b o sh o h O	native
মন্তর	m o nt O r	native
মন্ত্র	m o n t r O	native
মন্ত্রক	m o n t r O k	native
মন্থ	m o n th O	native
মন্থন	m o n th O n	native
মন্থর	m o n th o r	native
মন্দ	m o nd O	native
মন্দন	m o nd O n	native
মন্দর	m o nd o r	native
মন্দ্র	m o ndr O	native
মন্বন্তর	m o n O n t O r	native
মন্মথ	m o n m o th	native
মফস্বল	m o ph o sh sh o l	tatsama
মবলগ	m o b l o g	native
মবস	m o b s	loanword
মম	m o m O	native
মমত্ব	m o m O tt O	tatsama
মমর	m o m O r	native
ময়	m o y	native
ময়ংক	m o y O ng k O	native
মর	m o r	native
মরকত	m o r k o t	native
মরটন	m o r T o n	proper_noun
মরণপণ	m o r O n p o n	tatsama
মরত	m o r o t o	native
মরদ	m o r O d	native
মরন	m o r O n	native
মরনপন	m o r O n p o n	native
মরন্ত	m o r O nt O	native
মরব	m O r b O	native
মরম	m o r O m	native
মরমর	m o r O m o r O	native
মরল	m O r l O	native
মর্কট	m o r k o T	native
মর্গ	m o r g	loanword
মর্ত্য	m o r t O	native
মর্দন	m o r d O n	native
মর্দল	m o r d o l	native
মর্ম	m o r m O	native
মর্মর	m o r m O r	native
মল	m o l	native
মলন	m o l o n	native
মলম	m o l O m	loanword_nativized
মলমল	m o l m o l	native
মলয়	m o l o y	native
মল্ল	m o l l O	native
মশক	m o sh O k	native
মস	m o sh	native
মসনদ	m o sh n o d	native
মসমস	m o sh m o sh	native
মসলত	m o sh l o t	native
মস্ক	m o s k	loanword
মস্ত	m o st O	native
মস্তক	m o st O k	native
মস্তবড়	m o st o b o r o	native
মহ	m o h o	native
মহক	m o h o k	native
মহত	m o h o t	native
মহত্	m o h O t	native
মহত্তম	m O h O tt O m	native
মহত্তর	m o h O tt o r O	native
মহত্ত্ব	m o h O t t O	tatsama
মহনগর	m o h o n o g o r	native
মহন্ত	m o h O nt O	native
মহব্বত	m o h O b b O t	native
মহম্মদ	m o h O mm o d	native
মহর	m o h o r	native
মহরত	m o h O r o t	native
মহরম	m o h O r o m	native
মহররম	m o h O r r o m	native
মহল	m o h O l	native
মহলসহ	m o h o l sh o h O	native
মহৎ	m o h O t	native
ম্রক্ষন	m r O kkh O n	tatsama
মৎ	m o t	native
মৎত্রজ্জম	m o tr O j j o m	native
মৎস	m o t sh O	native
মৎসর	m o t sh o r	native
মৎস্য	m o t sh O	native
মৎস্যবন্দর	m o t sh o b o nd o r	native
মৎস্যভবন	m o t sh O bh o b O n	native
মৎস্যসম্পদ	m o t sh O sh o mp o d	native
ম–ম	m o m o	native
যত	j o t O	native
যতজন	j o t O j o n	native
যত্ন	j o t n O	native
যত্রতত্র	j o tr O t o tr O	native
যন্ত্র	j o n t r O	native
যব	j o b	native
যশবন্ত	j o sh b O nt O	native
র	r o	native
রং	r o ng	native
রংক	r o ng k O	native
রংগ	r o ng g O	native
রংগক	r o ng g o k	native
রংগন	r o ng g O n	native
রংগমঞ্চ	r o ng g o m o n ch O	native
রংচং	r o ng ch o ng	native
রংমহল	r o ng m o h o l	native
রংসহ	r o ng sh o h O	native
রক	r o k	native
রকম	r o k O m	native
রকমসকম	r o k O m sh o k O m	native
রক্ত	r o kt O	native
রক্তক্ষয়	r o kt o kkh o y	tatsama
রক্তক্ষরন	r o kt O kh o r O n	tatsama
রক্তদহ	r o kt o d o h o	native
রক্তবর্ন	r o kt O b o r n O	native
রক্তভরন	r o kt o bh o r o n	native
রক্তরস	r o kt o r o sh	native
রক্তসহ	r o kt o sh o h O	native
রক্ষ	r O kkh O	tatsama
রক্ষক	r o kkh O k	tatsama
রক্ষন	r o kkh o n	tatsama
রক্ষ্য	r O kkh O	tatsama
রগ	r o g	native
রগট	r o g o T	native
রগড়	r o g O r	native
রগরগ	r o g r o g	native
রচক	r o ch O k	native
রচন	r o ch O n	native
রজ	r o j	native
রজক	r o j O k	native
রজত	r o j o t	native
রজন	r o j O n	native
রজব	r o j O b	native
রজ্জব	r o j j O b	native
রঞ্জক	r o nj O k	tatsama
রঞ্জন	r o nj O n	tatsama
রট	r o T	native
রড	r o D	loanword
রডসহ	r o D sh o h O	loanword
রড়	r o r	native
রত	r o t O	native
রতন	r o t O n	native
রতনসহ	r o t o n sh o h O	native
রত্ন	r o t n O	native
রথ	r o th	native
রদ	r o d	native
রদবদল	r o d b o d o l	native
রন	r o n	native
রনন	r o n o n	native
রন্ড	r o n D O	native
রন্ধন	r o ndh o n	tatsama
রন্ধ্র	r o ndh r O	native
রনৎ	r o n O t	native
রপট	r o p O T	native
রপ্ত	r o p t O	native
রব	r o b	native
রবসন	r o b sh o n	native
রব্ধ	r o b dh O	native
রভস	r o bh o sh	native
রম	r o m	native
রমক	r o m O k	native
রমন	r o m O n	native
রম্বস	r o mb O sh	native
রম্য	r o m m O	native
রয়	r o y	native
রশদ	r o sh O d	native
রস	r o sh	native
রসদ	r o sh O d	native
রসন	r o sh O n	native
রসম	r o sh O m	native
রসময়	r o sh o m o y	native
রস্ক	r o s k	loanword
রহ	r o h O	native
রহঃ	r o h o h	tatsama
রহম	r o h O m	native
রহমত	r o h O m O t	native
রহমতগঞ্জ	r o h O m o t g o nj	proper_noun
রহস	r o h O sh	native
রহস্য	r o h O sh sh O	native
রহস্যজনক	r o h O sh sh O j o n O k	native
রহস্যময়	r o h O sh sh O m o i	native
র্	r o	native
র্থ	th o r	native
র–র	r o r o	native
ল	l o	native
লং	l o ng	native
লংক্লথ	l o ng kl o th	native
লংগ	l o ng g	native
লংঘন	l o ng gh O n	native
লক	l o k	native
লকব	l o k o b	native
লকলক	l o k l o k	native
লক্কড়	l o k k o r	native
লক্কড়ঝক্কড়	l o k k o r jh o k k o r	native
লক্কর	l o k k O r	native
লক্ষ	l o kkh O	tatsama
লক্ষক	l O kkh O k	tatsama
লক্ষন	l o kkh O n	tatsama
লক্ষ্মন	l o kkh O n	tatsama
লক্ষ্য	l o kkh O	tatsama
লক্ষ্যভ্রশ্ট	l o kkh O bh r O sh T O	tatsama
লক্ষ্যভ্রষ্ট	l o kkh O bh r O shT O	tatsama
লক্ষ্যস্থল	l O kkh O sth o l	tatsama
লগ	l o g	native
লগন	l o g O n	native
লগবগ	l o g b o g	native
লগ্ন	l o g n O	native
লগ্নক	l o g n o k	native
লচপচ	l o ch p o ch	native
লজ	l o j	native
লঞ্চ	l o nch	loanword
লঞ্চসহ	l o n ch sh o h O	native
লট	l o T	native
লটক	l o T O k	native
লটকন	l o T k o n	native
লটবহর	l o T b o h O r	native
লটরচটর	l o T O r ch o T O r	native
লটরপটর	l o T o r p o T o r	native
লড়	l o r	native
লড়ন	l o r O n	native
লড়ব	l o r b o	native
লণ	l o n	tatsama
লণ্ঠন	l o n Th O n	tatsama
লদপদ	l o d p o d	native
লন	l o n	native
লন্ঠন	l o n Th o n	native
লন্ডন	l o n D O n	proper_noun
লন্ডনসহ	l o n D o n sh o h O	proper_noun
লন্ডভন্ড	l o n D o bh o n D O	native
লপরচপর	l o p O r ch o p O r	native
লপ্ত	l o p t O	native
লব	l o b	native
লবংগ	l o b o ng g o	native
লবঙ্গ	l o b O ngg O	native
লবণ	l o b O n	tatsama
লবন	l o b O n	native
লবনসহ	l o b o n sh o h O	native
লব্জ	l o b j O	loanword_nativized
লব্ধ	l o b dh O	native
লম্প	l o mp O	native
লম্পট	l o mp O T	native
লম্ফ	l o m ph O	native
লম্ফঝম্ফ	l o m ph o jh o m ph O	native
লম্ব	l o mb O	native
লয়	l o y	native
লর	l o r	native
লর্ড	l o r D	loanword
লর্ডস	l o r D s	loanword
ললন	l o l O n	native
ললৎ	l o l O t	native
লস	l o s	loanword
লসন	l o sh o n	native
লস্কর	l o s k o r	loanword
লস্ট	l o s T	loanword
লহ	l o h O	native
লহর	l o h O r	native
শ	sh o	native
শংকর	sh o ng k O r	native
শংখ	sh o ng kh O	native
শক	sh o k	loanword
শকট	sh o k O T	native
শকল	sh o k o l	native
শক্ত	sh o kt O	native
শক্য	sh O k k O	native
শক্র	sh o kr O	native
শখ	sh o kh	native
শঙ্খ	sh o ng kh O	native
শট	sh o T	native
শটন	sh o T O n	native
শটস	sh o T sh	native
শট্কর্ম	sh o T k o r m O	native
শট্চক্র	sh o T ch o kr O	native
শট্পদ	sh o T p o d O	native
শট্প্রজ্ঞ	sh o T pr O g g O	tatsama
শঠ	sh o Th	native
শড়ংগ	sh o r O ng g O	native
শড়ংগক	sh o r O ng g O k	native
শড়জন্ত্র	sh o r O j o nt r O	native
শড়জন্ত্রসহ	sh o r o j o nt r O sh o h O	native
শণ	sh o n	tatsama
শত	sh o t O	native
শতক	sh o t O k	native
শতকসহ	sh o t O k sh o h O	native
শতজন	sh o t o j o n	native
শততম	sh o t O t o m O	native
শতদল	sh o t O d o l	native
শতবর্ষ	sh o t O b o r sh O	native
শতম	sh o t o m	native
শতরঞ্জ	sh o t o r o n j O	native
শতলক্ষ	sh o t o l o kkh O	tatsama
শতশত	sh o t O sh o t O	native
শত্ব	sh o t t O	tatsama
শন	sh o n	loanword
শনশন	sh o n sh o n	native
শন্ড	sh o n D O	native
শন্ঢ	sh o n Dh O	native
শপ	sh o p	loanword
শপথ	sh o p O th	native
শপথগ্রহন	sh o p O th gr O h O n	native
শপ্ত	sh o p t O	native
শফর	sh o ph o r	native
শব	sh o b	native
শবনম	sh o b n O m	native
শবর	sh o b O r	native
শবল	sh o b o l	native
শব্দ	sh o b d O	native
শব্দকর	sh o b d o k o r	native
শব্দগত	sh o b d o g o t o	native
শব্দচয়ন	sh o b d o ch o y o n	native
শব্দজন্ত্র	sh o b d o j o nt r O	native
শব্দতরংগ	sh o b d o t o r o ng g o	native
শব্দদ্বয়	sh o b d o d d o y	native
শব্দবন্ধ	sh o b d o b o ndh O	native
শম	sh o m	native
শমন	sh o m O n	native
শম্ব	sh o mb O	native
শয়ন	sh o y O n	native
শয়নকক্ষ	sh o y o n k o kkh O	tatsama
শর	sh o r	native
শরগরম	sh o r g o r O m	native
শরচ্চন্দ্র	sh o r O ch ch o ndr O	native
শরত	sh o r o t	native
শরত্	sh o r o t	native
শরত্চন্দ্র	sh o r o t ch o n o d r O	native
শরদ	sh o r o d o	native
শরন	sh o r O n	native
শরফ	sh o r O ph	native
শরবত	sh o r b o t	loanword_nativized
শরভ	sh o r O bh	native
শরম	sh o r O m	native
শর্ট	sh o r o T	loanword
শর্টস	sh o r T sh	loanword
শর্ত	sh o r t O	native
শর্ব	sh o r b O	native
শর্বর	sh o r b O r	native
শর্ম	sh o r m O	native
শরৎ	sh o r O t	native
শরৎচন্দ্র	sh o r O t ch o ndr O	native
শলভ	sh o l o bh	native
শল্য	sh o l l O	native
শশধর	sh o sh dh o r	native
শশব্যস্ত	sh o sh o b A st O	native
শশ্ঠ	sh o sh Th O	native
শশ্ঠত	sh o sh Th o t o	native
শশ্ঠদশ	sh o sh Th o d o sh	native
শশ্বৎ	sh o sh sh o t	tatsama
শস্ত্র	sh o st r O	native
শস্য	sh O sh sh O	native
শহদ	sh o h O d	native
শহর	sh o h O r	native
শহরময়	sh o h o r m o y o	native
শহরসংলগ্ন	sh o h o r sh o ng l o g n O	native
শহরসহ	sh o h O r sh o h O	native
শ্টক	s T o k	loanword
শ্ঠ	sh Th O	native
শ্ব	sh o h	tatsama
শ্বদন্ত	sh o d o nt O	tatsama
শ্বসন	sh o sh o n	tatsama
শ্যন	sh j o n	native
শ্রফ	s r O ph	native
শ্রবণ	s r O b O n	tatsama
শ্রবণযন্ত্র	s r O b O n j o n t r O	tatsama
শ্রবন	s r O b o n	native
শ্রবনজন্ত্র	s r O b o n j o nt r O	native
শ্রম	s r O m	native
শ্রমঘন	s r O m O gh o n O	native
শ্রমন	s r O m O n	native
শ্লথ	sh l o th	native
ষষ্ঠ	sh o shTh O	tatsama
স	sh o	native
সং	sh o ng	native
সংকট	sh o ng k o T	native
সংকটজনক	sh o ng k o T j o n o k	native
সংকটময়	sh o ng k o T m o y	native
সংকটসহ	sh o ng k o T sh o h O	native
সংকর	sh o ng k O r	native
সংকর্ষন	sh o ng k o r sh o n	native
সংকলক	sh o ng k o l o k	native
সংকলন	sh o ng k o l O n	native
সংকল্প	sh o ng k o l p O	native
সংকল্পবদ্ধ	sh o ng k o l p O b o d dh O	tatsama
সংক্রমন	sh o ng kr O m O n	native
সংখ্যক	sh o ng kh o k	native
সংগ	sh o ng g O	native
সংগঠক	sh o ng g o Th O k	native
সংগঠকসহ	sh o ng g o Th o k sh o h O	native
সংগঠন	sh o ng g o Th O n	native
সংগঠনসহ	sh o ng g o Th o n sh o h O	native
সংগত	sh o ng g o t O	native
সংগম	sh o ng g o m	native
সংগ্রহ	sh o ng gr O h O	native
সংগ্রহসহ	sh o ng gr O h o sh o h O	native
সংঘ	sh o ng gh O	native
সংঘটক	sh o ng gh o T O k	native
সংঘটন	sh o ng gh o T O n	native
সংঘবদ্ধ	sh o ng gh o b o d dh O	tatsama
সংঘর্ষ	sh o ng gh o r sh O	tatsama
সংঘর্ষপ্রবন	sh o ng gh o r sh o p r O b o n	native
সংঘসহ	sh o ng gh o sh o h O	native
সংজত	sh o ng j o t O	native
সংজম	sh o ng j o m	native
সংনমন	sh o ng n o m O n	native
সংবরন	sh o ng b o r o n	native
সংবর্ত	sh o ng b o r t O	native
সংবর্ধক	sh o ng b o r dh O k	native
সংবহ	sh o ng b o h O	native
সংবহন	sh o ng b O h O n	native
সংবৎ	sh o ng b o t	native
সংবৎসর	sh o ng b o t sh o r	native
সংরক্ষক	sh o ng r o kkh O k	tatsama
সংরক্ষণ	sh o ng r o kkh o n	tatsama
সংরক্ষন	sh o ng r o kkh o n	tatsama
সংরক্ষনসহ	sh o ng r o kkh o n sh o h O	tatsama
সংরন	sh o ng r O n	native
সংরব্ধ	sh o ng r o b dh O	native
সংর্ঘশ	sh o ng gh o r sh o	native
সংলগ্ন	sh o ng l o g n O	native
সংশপ্তক	sh o ng sh o p t o k	native
সংশয়	sh o ng sh o y	native
সংশ্রব	sh o ng s r O b	native
সংশ্রয়	sh o ng s r o y	native
সংস	sh o ng sh o	native
সংসক্ত	sh o ng sh o kt O	native
সংসদ	sh o ng sh O d	native
সংসদকক্ষ	sh o ng sh o d k o kkh O	tatsama
সংসদসহ	sh o ng sh o d sh o h O	native
সংসর্গ	sh o ng sh o r g O	native
সংস্করণ	sh o ng sh k o r O n	tatsama
সংস্করন	sh o ng s k o r o n	loanword
সংস্পর্শ	sh o ng s p o r sh O	tatsama
সংস্মরন	sh o ng sh o r O n	native
সংস্রব	sh o ng s r O b	native
সংহত	sh o ng h o t O	native
সংহরন	sh o ng h o r O n	native
সংহর্ষ	sh o ng h o r sh O	native
সক	sh o k	native
সকন্টক	sh o k o n T o k	native
সকর্দম	sh o k o r d o m	native
সকর্মক	sh o k o r m o k	native
সকল	sh o k O l	native
সক্কর	sh o k k o r	native
সক্ত	sh o kt O	native
সক্ষত	sh o kkh o t O	tatsama
সক্ষম	sh o kkh O m	tatsama
সখ	sh o kh	native
সখ্য	sh O k kh O	native
সগর	sh o g o r	native
সগর্ভ	sh o g o r bh O	native
সগ্গ	sh o g g O	native
সগ্গল	sh o g g o l	native
সঘন	sh o gh o n O	native
সঘর	sh o gh o r	native
সচ	sh o ch	native
সচঞ্চল	sh o ch o n ch o l	native
সচন্দন	sh o ch o nd o n	native
সচল	sh o ch O l	native
সচ্ছল	sh o ch chh o l	native
সজত্ন	sh o j o t n O	native
সজন	sh o j O n	native
সজল	sh o j O l	native
সজ্জ	sh o j j O	native
সজ্জন	sh o j j O n	native
সঞ্চয়	sh o n ch o y	native
সঞ্চয়পত্র	sh o n ch o y o p o tr O	native
সঞ্চরন	sh o n ch o r o n	native
সঞ্চলন	sh o n ch o l o n	native
সঞ্জয়	sh o n j o y o	native
সট	sh o T	native
সট্টক	sh o T T o k	native
সড়	sh o r	native
সড়ক	sh o r O k	native
সড়গড়	sh o r g o r	native
সড়সড়	sh o r sh o r	native
সতত	sh o t o t O	native
সতন্তর	sh o t o nt o r	native
সতবর্গ	sh o t b o r g O	native
সতর	sh o t o r	native
সতর্ক	sh o t O r k O	native
সত্	sh o t	native
সত্কর্ম	sh o t k o r o m O	native
সত্তম	sh o tt o m	native
সত্তর	sh O tt O r	native
সত্ত্ব	sh o tt O	tatsama
সত্বর	sh o t t o r	tatsama
সত্য	sh O t t O	native
সত্যম	sh O t t o m	native
সদন	sh o d O n	native
সদয়	sh o d o y	native
সদর	sh o d O r	native
সদরদপ্তর	sh o d O r d o p t O r	native
সদরসংলগ্ন	sh o d o r sh o ng l o g n O	native
সদরসহ	sh o d O r sh o h O	native
সদর্থক	sh o d o r th O k	native
সদর্প	sh o d o r p O	native
সদস্য	sh o d O sh sh O	native
সদস্যগণ	sh o d O sh sh O g o n	tatsama
সদস্যগন	sh o d o sh sh o g o n	native
সদস্যপদ	sh o d O sh sh O p o d	native
সদস্যপদসহ	sh o d o sh sh o p o d sh o h O	native
সদস্যর	sh o d O sh sh O r	native
সদস্যসহ	sh o d O sh sh O sh o h O	native
সদসৎ	sh o d o sh o t	native
সদ্ধর্ম	sh o d dh o r m O	tatsama
সদ্ম	sh o d d O	tatsama
সদ্য	sh o d d O	native
সন	sh o n	native
সনদ	sh o n O d	native
সনদপত্র	sh o n O d p o tr O	native
সনদসহ	sh o n O d sh o h O	native
সনস	sh o n o sh	native
সনসন	sh o n sh o n	native
সন্ত	sh o nt O	native
সন্তত	sh o nt O t O	native
সন্তপ্ত	sh o nt o p t O	native
সন্তরন	sh o nt o r o n	native
সন্তর্পন	sh o nt O r p o n	native
সন্তলন	sh o nt o l o n	native
সন্ত্রস্ত	sh o n t r O st O	native
সন্দ	sh o nd O	native
সন্দর্ভ	sh o nd o r bh O	native
সন্দর্শন	sh o nd o r sh o n	native
সন্দল	sh o nd o l	native
সন্ধ	sh k o ndh O	native
সন্নত	sh o nn o t O	native
সন্নদ্ধ	sh o nn o d dh O	tatsama
সন্নস্ত	sh O nn o st O	native
সন্স	s o n s	loanword
সনৎ	sh o n o t	native
সপ	sh o p	native
সপক্ষ	sh o p o kkh O	tatsama
সপত্ন	sh o p o t n O	native
সপসপ	sh o p sh o p	native
সপ্ত	sh o p t O	native
সপ্ত(–প্তন)	sh o p t O	native
সপ্তক	sh o p t O k	native
সপ্তদশ	sh o p t O d o sh	native
সপ্তম	sh o p t O m	native
সপ্তমত	sh o p t o m o t	native
সফট	s o ph T	loanword
সফদর	sh o ph d o r	native
সফর	sh o ph O r	native
সফররত	s o ph O r r o t O	loanword
সফরসহ	sh o ph o r sh o h O	native
সফল	sh o ph O l	native
সফলতম	sh o ph O l t o m O	native
সফ্ট	s o ph T	loanword
সব	sh o b	native
সবংশ	sh o b o ng sh O	native
সবক	sh o b O k	native
সবন	sh o b O n	native
সবর	sh o b O r	native
সবরকম	sh o b r o k O m	native
সবর্ন	sh o b o r n O	native
সবল	sh o b o l	native
সবসময়	sh o b sh o m o y	native
সব্য	sh O b b O	native
সভয়	sh o bh o y	native
সভ্য	sh O b bh O	native
সম	sh o m O	native
সমকক্ষ	sh o m O k o kkh O	tatsama
সমক্ষ	sh o m O kkh O	tatsama
সমগ্র	sh o m O gr O	native
সমঘন	sh o m O gh o n O	native
সমঞ্জস	sh o m O n j o sh	native
সমতট	sh o m O t o T	native
সমতল	sh o m O t o l	native
সমত্ত	sh o m o tt O	native
সমদর্শন	sh o m O d o r sh o n	native
সমন	sh o m O n	native
সমনস্ক	sh o m o n O s k O	tatsama
সমন্ত্রক	sh o m O nt r O k	native
সমন্বয়	sh o m O n n o y	native
সমন্বয়ক	sh o m o n n o y o k	native
সমপদস্থ	sh o m O p o d O sth O	native
সমবণ্টন	sh o m O b o n T o n	tatsama
সমবন্টন	sh o m o b o n T o n o	native
সমবস্থ	sh o m O b o sh t O	native
সমমন্ডল	sh o m O m o n D o l	native
সময়	sh o m o y	native
সময়সহ	sh o m o y sh o h O	native
সমর	sh o m O r	native
সমরস	sh o m O r o sh	native
সমর্থ	sh o m O r th O	native
সমর্থক	sh o m O r th O k	native
সমর্থকসহ	sh o m o r th o k sh o h O	native
সমর্থন	sh o m O r th O n	native
সমর্পণ	sh o m O r p o n	tatsama
সমর্পন	sh o m O r p o n	native
সমল	sh o m o l	native
সমশ্বর	sh o m O sh sh o r	tatsama
সমসংখ্যক	sh o m O sh o ng kh O k	native
সমসময়	sh o m O sh o m o y	native
সমসর	sh o m O sh o r	native
সমস্ত	sh o m O st O	native
সমস্য	sh o m O sh sh O	native
সম্পদ	sh o mp o d	native
সম্পদসহ	sh o mp o d sh o h O	native
সম্পন্ন	sh o mp O nn O	native
সম্পর্ক	sh o mp O r k O	native
সম্পর্কসহ	sh o mp o r k o sh o h O	native
সম্পৎ	sh o mp o t	native
সম্বদ্ধ	sh o mb o d dh O	tatsama
সম্বন্ধ	sh o mb o ndh O	native
সম্বল	sh o mb O l	native
সম্ভব	sh o m bh o b	native
সম্ভবত	sh o m bh O b o t O	native
সম্ভবপর	sh o m bh o b p o r	native
সম্ভ্রম	sh o m bh r O m	native
সম্মত	sh o mm o t O	native
সম্যক	sh o m m O k	native
সর	sh o r	native
সরঃ	sh o r O h	tatsama
সরগম	sh o r g o m	native
সরগরম	sh o r g o r O m	native
সরট	sh o r O T	native
সরণ	sh o r O n	tatsama
সরত	sh o r O t	native
সরদ	sh o r o d	native
সরন	sh o r O n	native
সরব	sh o r o b	native
সরবত	sh o r b O t	native
সরবর	sh o r O b o r	native
সরবস	sh o r b o sh	native
সরবসর	sh o r b o sh o r	native
সরম	sh o r o m	native
সরমহল	sh o r m o h o l o	native
সরল	sh o r O l	native
সরস	sh o r o sh	native
সরসর	sh o r sh o r	native
সরহ	sh o r O h	native
সর্গ	sh o r g O	native
সর্জ্য	sh O r j O	native
সর্ত	sh o r t O	native
সর্তক	sh o t o r k o	native
সর্প	sh o r p O	native
সর্ব	sh o r b O	native
সর্বক্ষন	sh o r b o kkh o n	tatsama
সর্বজন	sh o r b O j o n	native
সর্বজ্ঞ	sh o r b O g g O	tatsama
সর্বত্র	sh o r b O tr O	native
সর্বপ্রথম	sh o r b O pr O th O m	native
সর্বময়	sh o r b o m o y o	native
সর্বসম্মত	sh o r b O sh o mm O t O	native
সর্বস্তর	sh o r b o st o r	native
সর্বস্ব	sh o r b o sh sh O	tatsama
সর্ষপ	sh o r sh o p	native
সল	sh o l	native
সলজ্জ	sh o l o j j O	native
সলপ	sh o l p o	native
সলভ	sh o l bh	native
সলমন	sh o l m O n	native
সল্ট	s o l T	loanword
সল্লভ	sh o l l o bh O	native
সশংক	sh o sh o ng k O	native
সশব্দ	sh o sh o b d O	native
সশস্ত্র	sh o sh O st r O	native
সশ্রদ্ধ	sh o s r O d dh O	tatsama
সশ্রম	sh o s r O m	native
সস	sh o sh	native
সসংজ্ঞ	sh o sh o ng g O	tatsama
সসত্ত্ব	sh o sh o tt O	tatsama
সসম্ভ্রম	sh o sh o m bh r O m	native
সস্	sh o sh	native
সহ	sh o h O	native
সহগ	sh o h o g	native
সহচর	sh o h O ch o r	native
সহজ	sh o h o j	native
সহজতম	sh o h O j t o m O	native
সহজতর	sh o h O j O t o r	native
সহজলভ্য	sh o h O j l O b bh O	native
সহজসরল	sh o h o j sh o r o l	native
সহদপ্তর	sh o h O d o p t O r	native
সহন	sh o h O n	native
সহমত	sh o h O m o t	native
সহর	sh o h o r	native
সহরত	sh o h o r o t	native
সহর্ষ	sh o h o r sh O	native
সহস্র	sh o h O s r O	native
সহ্য	sh o j jh O	native
স্কচ	s k o ch	loanword
স্কট	s k o T	loanword
স্কন্দ	s k o nd O	tatsama
স্কপ	s k o p	loanword
স্ক্রল	s kr O l	loanword
স্খলন	sh kh o l O n	native
স্টক	s T o k	loanword
স্টপ	s T o p	loanword
স্টপস	s T o p s	loanword
স্টর্ম	s T o r m	loanword
স্টল	s T o l	loanword
স্ট্র	s T r o	loanword
স্ট্রং	s T r O ng	loanword
স্ট্রস	s T r O s	proper_noun
স্তন	st o n	native
স্তনন	st o n o n	native
স্তন্য	st o n n O	native
স্তব	st o b	native
স্তবক	st o b O k	native
স্তব্ধ	st o b dh O	native
স্তম্ব	st o mb O	native
স্তম্ভ	st o m bh O	native
স্তম্ভন	st o m bh o n	native
স্তর	st o r	native
স্ত্রস	st r O sh	native
স্থগন	sth o g o n	native
স্থল	sth o l	native
স্থলপথ	sth o l O p o th	native
স্থলবন্দর	sth o l O b o nd O r	native
স্নব	sn o b	native
স্পঞ্জ	s p o nj	loanword
স্পট	s p O T	loanword
স্পনসর	s p o n s o r	loanword
স্পন্দন	s p o nd O n	loanword
স্পন্সর	s p o n s o r	loanword
স্পর্শ	s p o r sh O	tatsama
স্পশ্ট	s p o sh T O	tatsama
স্পশ্টত	s p o sh T O t O	loanword
স্পশ্টতর	s p o sh T o t o r o	loanword
স্পষ্ট	s p o shT o	loanword
স্ব	sh O	tatsama
স্বঃ	sh o h	tatsama
স্বক	sh o k	tatsama
স্বকল্প	sh o k o l p O	tatsama
স্বগত	sh o g o t O	tatsama
স্বচ্ছ	sh o ch chh O	tatsama
স্বচ্ছন্দ	sh o ch chh o nd O	tatsama
স্বচ্ছন্দ্য	sh o ch chh o nd O	tatsama
স্বচ্ছল	sh o ch chh o l	tatsama
স্বজন	sh o j O n	tatsama
স্বজনসহ	sh o j O n sh o h O	tatsama
স্বতঃ	sh o t o h	tatsama
স্বতন্তর	sh o t O nt o r	tatsama
স্বতন্ত্র	sh o t o n t r O	tatsama
স্বত্ত্ব	sh o t t O	tatsama
স্বত্ব	sh o tt O	tatsama
স্বদল	sh o d o l	tatsama
স্বধর্ম	sh o dh o r m O	tatsama
স্বন	sh o n	tatsama
স্বনন্ধয়	sh t o n O ndh o y	tatsama
স্বপক্ষ	sh o p O kkh O	tatsama
স্বপত্য	sh o p O t t O	tatsama
স্বপন	sh o p O n	tatsama
স্বপ্ন	sh o p n O	tatsama
স্বপ্নদল	sh o p n o d o l	tatsama
স্বপ্নভংগ	sh o p n o bh o ng g o	tatsama
স্বপ্নময়	sh o p n o m o y o	tatsama
স্ববশ	sh o b o sh	tatsama
স্বমত	sh o m o t	tatsama
স্বয়ং	sh o y o ng	tatsama
স্বয়ম্ভর	sh o y o m bh o r	tatsama
স্বর	sh o r	tatsama
স্বরঃ	sh o r o h	tatsama
স্বরবর্ন	sh o r o b o r n O	tatsama
স্বর্গ	sh o r g O	tatsama
স্বর্গত	sh o r g o t o	tatsama
স্বর্ন	sh o r n O	tatsama
স্বর্নপদক	sh o r n O p o d O k	tatsama
স্বর্নপদকসহ	sh o r n o p o d o k sh o h O	tatsama
স্বর্নসহ	sh o r n O sh o h O	tatsama
স্বল্প	sh o l p O	tatsama
স্বল্পতম	sh o l p O t o m O	tatsama
স্বল্পসংখ্যক	sh o l p O sh o ng kh O k	tatsama
স্বস্ত্যয়ন	sh O st o y o n	tatsama
স্বস্থ	sh o sth O	tatsama
স্মর	sh o r	native
স্মরণ	sh o r O n	tatsama
স্মরন	sh o r o n	native
স্মর্তব্য	s h o r t O b b O	tatsama
স্মল	sh m o l	native
স্য	sh O	native
স্যন্দ	sh O nd O	native
স্রগ্ধর	s r O g dh o r	native
স্রশ্টব্য	s r O sh T O b b O	native
স্রস্ত	s r O st O	native
স্লগ	s l o g	loanword
স্লট	s l o T	loanword
স্লথ	sh l o th	native
সৎ	sh o t	native
সৎকর্ম	sh o t k o r m O	native
হ	h o	native
হং	h o ng	native
হংকং	h o ng k o ng	native
হংকংসহ	h o ng k o ng sh o h O	native
হংস	h o ng sh O	native
হক	h o k	native
হকসহ	h o k sh o h O	native
হচ্ছ	h O ch chh O	native
হজ	h o j	native
হজম	h o j O m	native
হজরত	h o j r o t	native
হজ্জ	h o j O	loanword_nativized
হজ্ব	h o j O	loanword_nativized
হট	h o T	native
হটডগ	h o T D o g	loanword
হটস্পট	h o T s p o T	loanword
হট্ট	h o T T O	native
হঠ	h o Th	native
হড়ঘর	h o r gh o r	native
হড়বড়	h o r b o r	native
হড়হড়	h o r h o r	native
হড্ড	h o D D O	native
হত	h O t O	native
হতভম্ব	h o t O bh o mb O	native
হদ	h o d	native
হন	h O n	native
হনন	h o n O n	native
হনহন	h o n h o n	native
হন্তদন্ত	h o nt O d o nt O	native
হন্তব্য	h o nt O b b O	native
হন্দর	h o nd O r	native
হন্য	h O n n O	native
হপ	h O p	native
হব	h o b O	native
হবন	h o b O n	native
হব্য	h O b b O	native
হম	h o m	native
হয়	h o y	native
হয়ত	h o y t O	native
হর	h o r	native
হরখ	h o r o kh o	native
হরতন	h o r t o n	native
হরদম	h o r d O m	native
হরন	h o r o n	native
হরফ	h o r O ph	native
হরভজন	h o r bh o j O n	native
হরর	h o r O r	native
হরশ	h o r o sh	native
হর্ন	h o r n	loanword
হর্যশ্ব	h o r j O sh sh O	tatsama
হর্ষ	h o r sh O	native
হর্স	h o r s	loanword
হল	h o l	native
হলঃ	h o l	tatsama
হলক	h o l k	native
হলঘর	h o l gh o r	native
হলন্ত	h o l o nt O	native
হলফ	h o l O ph	loanword
হলসহ	h o l sh o h O	native
হলহল	h o l h o l	native
হল্য	h o l l O	native
হসন	h o sh O n	native
হসন্ত	h o sh o nt O	native
হসব	h o sh o b	native
হসরত	h o sh r o t	native
হস্	h o sh	native
হস্ত	h o st O	native
হস্তগত	h o st O g o t O	native
হ্রদ	r O d	native
হ্রস্ব	r O sh sh O	tatsama
হ–জ–ব–র–ল	h o j o b o r o l o	native
ৎ	t	native
২৩	t e i sh	native
৩৪০৯	t i n | h a j a r | ch a r sh O | n o y	compound
৬৭	sh a t sh O T T i	native
