অ্যাপ্লিকেশন	A p l i k e sh o n	loanword
অ্যাভিয়েশন	A bh i e sh o n	loanword
ক্যানসারসহ	k A n s a r sh o h O	loanword
ক্যান্সার বিশেষজ্ঞ	k A n s a r | b i sh e sh o g g O	compound
ক্যাপশন	k A p sh o n	loanword
ক্যারিশমা	k A r i sh m a	loanword
ক্যালসিয়াম	k A l sh i a m	loanword
ক্যাশ	k A sh	loanword
গ্যাস সংযোগ	g A s | sh o ng j O g	compound
ট্যাক্সসহ	T A k s sh o h O	loanword
ট্যাবলেটসহ	T A b l e T sh o h O	loanword
ন্যাশনালিস্ট	n A sh n a l i s T	loanword
ন্যাশের	n A sh e r	proper_noun
ব্যাংকসমূহের	b A ng k sh O m u h e r	loanword
ব্যাশে	b A sh e	loanword
ব্যাস	b A sh	native
ম্যাচসেরার	m A ch sh e r a r	loanword
শ্যাডো	sh A D O	loanword
শ্যাডোর	sh A D O r	loanword
শ্যানন	sh A n o n	native
শ্যামনগরের	sh A m n o g O r e r	proper_noun
শ্যাম্পু	sh A mp u	loanword
শ্যালক	sh A l o k	native
শ্যালককে	sh A l O k k e	native
শ্যালিকা	sh A l i k a	native
স্যানিটেশন	s A n i T e sh o n	loanword
স্যানিটেশনের	s A n i T e sh o n e r	loanword
স্যালো	sh A l O	loanword
হ্যালুসিনেশন	h A l u s i n e sh o n	loanword
এ্যানিসহ	A n i sh o h O	proper_noun
ক্যানসারবিশয়ক	k A n s a r b i sh o y O k	loanword
ক্যান্সারসহ	k A n s a r sh o h O	loanword
ক্যাপশনে	k A p sh o n e	loanword
ক্যামেরাসহ	k A m e r a sh o h O	loanword
ক্যাম্পসংলগ্ন	k A mp sh o ng l o g n O	compound
ক্যাম্পাসসংলগ্ন	k A mp a s sh o ng l o g n O	compound
ক্যারিশমাটিক	k A r i sh o m a T i k	native
ক্যারিশমায়	k A r i sh o m a y	native
ক্যারিশম্যাটিক	k A r i sh m A T i k	compound
ক্যারিয়ারসেরা	k A r i y a r sh e r a	compound
ক্যালাসানের	k A l a sh a n e r	native
ক্যাশবাক্স	k A sh b a k s O	loanword_nativized
ক্যাশব্যাক	k A sh b A k	loanword
ক্যাশিয়া	k A sh i y a	loanword
ক্যাশিয়ার	k A sh i y a r	loanword
ক্যাশে	k A sh e	loanword
ক্যাস	k A sh o	loanword
খ্যাতিসম্পন্ন	kh A t i sh o mp O nn O	compound
গ্যারিসন	g A r i sh o n	proper_noun
গ্যাসশুন্য	g A s o sh u n n o	loanword
গ্যাসসংকট	g A s sh o ng k o T	loanword
গ্যাসসংকটের	g A s sh o ng k o T e r	loanword
গ্যাসসংজোগ	g A s sh o ng j O g	loanword
গ্যাসসমৃদ্ধ	g A s sh o m r i d dh O	tatsama
গ্যাসসম্পদ	g A s sh o mp o d	loanword
গ্যাসসম্পদের	g A s sh o mp o d e r	loanword
গ্যাসসহ	g A s sh o h O	loanword
গ্যাসস্টেশনে	g A s s T e sh o n e	loanword
গ্যাসস্বল্পতা	g A s sh o l p o t a	tatsama
গ্যাসস্বল্পতার	g A s sh o l p o t a r	tatsama
গ্যাসিফিকেশন	g A s i ph i k e sh o n	loanword
ঘ্যাস	gh A sh	native
চ্যাম্পিয়নশিপ	ch A mp i o n sh i p	compound
চ্যাম্পিয়নশিপই	ch A mp i y o n sh i p i	compound
চ্যাম্পিয়নশিপে	ch A mp i y o n sh i p e	compound
চ্যাম্পিয়নশিপেই	ch A mp i y o n sh i p e i	compound
চ্যাম্পিয়নশিপেও	ch A mp i y o n sh i p e O	compound
চ্যাম্পিয়নশিপের	ch A mp i y o n sh i p e r	compound
চ্যালেঞ্জসমুহ	ch A l e nj sh o m u h o	compound
ট্যাংকসহ	T A ng k o sh o h O	loanword
ট্যাকশাল	T A k sh a l	native
ট্যানারিশিল্প	T A n a r i sh i l p O	compound
ট্যাসট্যাস	T A sh T A sh	native
ড্যানিশ	D A n i sh	loanword
ড্যাশ	D A sh	loanword
ড্যাশবোর্ডের	D A sh o b O r D e r	loanword
ড্যাশিং	D A sh i ng	loanword
ঢ্যাপসা	Dh A p sh a	native
ঢ্যাড়স	Dh A r o sh	native
দ্যাশ	d A sh	native
দ্যাশে	d A sh e	native
দ্যাশের	d A sh e r	native
ন্যানেস	n A n e sh	native
ন্যানেসের	n A n e sh e r	native
ন্যাশ	n A sh	native
ন্যাশন	n A sh o n	native
ন্যাশনস	n A sh o n s	native
ন্যাশনাল	n A sh o n a l	native
ন্যাশনালিটি	n A sh o n a l i T i	native
ন্যাশনালে	n A sh o n a l e	native
ন্যাশানাল	n A sh a n a l	native
ন্যাস	n A sh	native
ন্যাসি	n A sh i	native
ন্যায়নিশ্ঠ	n A y n i sh Th O	native
ন্যায়নিশ্ঠা	n A y n i sh Th a	native
ন্যায়নিশ্ঠার	n A y n i sh Th a r	native
ন্যায়বাগিশ	n A y b a g i sh	native
ন্যায়সংগত	n A y sh o ng g o t o	native
ন্যায়সংগতভাবে	n A y sh o ng g o t o bh a b e	compound
ন্যায়সংগতভাবেই	n A y sh o ng g o t o bh a b e i	compound
ন্যায়সম্মত	n A y sh o mm o t o	native
ন্যায়াধিশ	n A y a dh i sh	native
প্যাকেজসহ	p A k e j sh o h O	native
প্যানইসলামবাদ	p A n i sh l a m b a d	compound
প্যান্টসহ	p A n T sh o h O	native
প্যারিদাস	p A r i d a sh	native
প্যালপোসাসের	p A l p O sh a sh e r	native
প্যাশন	p A sh o n	native
প্যাসকেল	p A sh k e l	native
প্যাসন	p A sh O n	native
ফ্যাকাশে	ph A k a sh e	native
ফ্যাকাসে	ph A k a sh e	native
ফ্যাশন	ph A sh O n	native
ফ্যাশনও	ph A sh O n O	native
ফ্যাশনওয়্যার	ph A sh o n O y A r	native
ফ্যাশনকে	ph A sh o n k e	native
ফ্যাশনটা	ph A sh o n T a	native
ফ্যাশনস	ph A sh O n s	native
ফ্যাশনসচেতন	ph A sh o n s o ch e t O n	loanword
ফ্যাশনসে	ph A sh o n s e	loanword
ফ্যাশনসের	ph A sh O n s e r	loanword
ফ্যাশনে	ph A sh O n e	native
ফ্যাশনেও	ph A sh O n e O	native
ফ্যাশনেবল	ph A sh o n e b O l	native
ফ্যাশনের	ph A sh O n e r	native
ফ্যাশান	ph A sh a n	native
ফ্যাশানশো	ph A sh a n sh O	native
ফ্যাসলার	ph A sh l a r	native
ফ্যাসলারের	ph A sh l a r e r	native
ফ্যাসাদ	ph A sh a d	native
ফ্যাসাদে	ph A sh a d e	native
ব্যাংককসহ	b A ng k o k sh o h O	loanword
ব্যাংকসমুহের	b A ng k sh m u h e r	loanword
ব্যাংকসহ	b A ng k sh o h O	loanword
ব্যাংকিংবিশয়ক	b A ng k b i sh o y o k	compound
ব্যাংকিংসহ	b A ng k i ng sh o h O	loanword
ব্যাংকিংসেবা	b A ng k i ng sh e b a	loanword
ব্যাংগস	b A ng g sh	native
ব্যাকরনসহ	b A k o r o n sh o h O	native
ব্যাখ্যাসংবলিত	b A k kh a sh o ng b o l i t o	compound
ব্যাখ্যাসহ	b A k kh a sh o h O	native
ব্যাগসহ	b A g sh o h O	loanword
ব্যাটসম্যানশিপের	b A T s m A n sh i p e r	compound
ব্যাটেলশিপ	b A T e l sh i p	loanword
ব্যাটেলশিপে	b A T e l sh i p e	loanword
ব্যানারসহ	b A n a r sh o h O	native
ব্যান্ডসংগিত	b A n D sh o ng g i t	loanword
ব্যান্ডসংগিতের	b A n D sh o ng g i t e r	compound
ব্যাপকসংখ্যক	b A p O k sh o ng kh O k	native
ব্যাপারস্যাপার	b A p a r sh A p a r	compound
ব্যাবসা	b A b sh a	native
ব্যাবসায়ি	b A b sh a y i	native
ব্যালান্সশিট	b A l a n s sh i T	loanword
ব্যাশ	b A sh	native
ব্যাশেলেট	b A sh e l e T	proper_noun
ব্যাশেলেটের	b A sh e l e T e r	proper_noun
ব্যাসকম	b A sh k o m	native
ব্যাসকুট	b A sh k u T	native
ব্যাসক্ত	b A sh o kt O	native
ব্যাসবাক্য	b A sh b a k k O	native
ব্যাসার্ধ	b A sh a r dh O	native
ব্যাসার্ধের	b A sh a r dh e r	native
ব্যাসের	b A sh e r	native
ভ্যাকেশন	bh A k e sh o n	native
ভ্যাটসহ	bh A T sh o h O	loanword
ভ্যানসহ	bh A n sh o h O	native
ভ্যাপসা	bh A p sh a	native
ভ্যারিয়েশন	bh A r i y e sh o n	native
ভ্যাসকা	bh A sh k a	native
ম্যাকগিনিস	m A k g i n i sh	native
ম্যাকডোনাল্ডস	m A k D O n a l D sh	compound
ম্যাকসন	m A k sh o n	native
ম্যাকসনস	m A k sh o n sh	native
ম্যাকসি	m A k sh i	native
ম্যাকসুয়েন	m A k sh u y e n	native
ম্যাকিনটোশ	m A k i n T O sh	proper_noun
ম্যাকিন্টোশ	m A k i n T O sh	proper_noun
ম্যাকিন্টোশের	m A k i n T O sh e r	compound
ম্যাগনিফিসেন্ট	m A g n i ph i sh e n T	loanword
ম্যাগনেশিয়াম	m A g n e sh i y a m	native
ম্যাগনেসিয়াম	m A g n e sh i a m	native
ম্যাগসাইসাই	m A g sh a i sh a i	native
ম্যাগসেসে	m A g sh e sh e	native
ম্যাগাজিনসহ	m A g j i n sh o h O	native
ম্যাচসহ	m A ch sh o h O	native
ম্যাচসেরা	m A ch sh e r a	native
ম্যাচসেরাও	m A ch sh e r a O	native
ম্যাজিস্ট্রেটসহ	m A j i s T r e T sh o h O	loanword
ম্যাট্রিকুলেশন	m A T r i k u l e sh O n	loanword
ম্যাথিউস	m A th i u sh	native
ম্যাথিউসের	m A th i u sh e r	native
ম্যাথিয়াস	m A th i y a sh	native
ম্যাথুস	m A th u sh	native
ম্যাথুসও	m A th u sh O	native
ম্যাথুসকে	m A th u sh k e	native
ম্যাথুসের	m A th u sh e r	native
ম্যানশন	m A n sh o n	native
ম্যানশনের	m A n sh o n e r	native
ম্যানস	m A n sh	native
ম্যানসন	m A n sh o n	native
ম্যানিপুলেশন	m A n i p u l e sh o n	native
ম্যানিপুলেশনের	m A n i p u l e sh o n e r	compound
ম্যানুপুলেশন	m j o n u p u l e sh o n	native
ম্যানুফ্যাকচারার্স	m A n u ph A k ch a r a r sh	loanword
ম্যানেজারসহ	m A n e j a r sh o h O	loanword
ম্যাপস	m A p sh	native
ম্যাপসের	m A p sh e r	native
ম্যাশ	m A sh	loanword
ম্যাশএবল	m A sh e j a b o l	loanword
ম্যাশএবলের	m A sh e b o l e r	loanword
ম্যাশেবল	m A sh e b o l	loanword
র্যাংকস	r o j a ng k sh	native
র্যাংগস	r o j a ng g sh	native
র্যাবসহ	r o j a b sh o h O	native
র্যামোস	r o j a m O sh	native
র্যাশ	r A sh	native
ল্যাংকাশায়ার	l A ng k a sh a y a r	native
ল্যাংকাশায়ারে	l A ng k a sh a y a r e	compound
ল্যানসেলট	l A n sh e l T	proper_noun
ল্যাপটপসহ	l A p T o p sh o h O	loanword
ল্যাবস	l A b sh	native
ল্যাভয়সিয়ে	l A bh o y sh i y e	native
ল্যাম্পশেড	l A mp sh e D	loanword
ল্যাম্পশেডের	l A mp p O sh D e r	loanword
ল্যাম্পস	l A mp sh	native
ল্যারিনজাইটিস	l A r i n j a i T i sh	compound
শ্যাংল	sh A ng o l	native
শ্যাংাত	sh A ng g a t	native
শ্যাওলা	sh A O l a	native
শ্যাওড়াপাড়ার	sh A O r a p a r a r	native
শ্যাকরা	sh A k r a	native
শ্যানেল	sh A n e l	native
শ্যানেলের	sh A n e l e r	native
শ্যাপিরো	sh A p i r O	native
শ্যাভেজ	sh A bh e j	native
শ্যাভেজের	sh A bh e j e r	native
শ্যাম	sh A m	native
শ্যামকুড়	sh A m k u r	native
শ্যামগঞ্জ	sh A m g o n j	native
শ্যামনগর	sh A m n o g O r	native
শ্যামনগরে	sh A m n o g O r e	native
শ্যামপুর	sh A m p u r	native
শ্যামপুরে	sh A m p u r e	native
শ্যামপুরের	sh A m p u r e r	native
শ্যামবাজার	sh A m b a j a r	native
শ্যামবাজারে	sh A m b a j a r e	native
শ্যামবাজারের	sh A m b a j a r e r	native
শ্যামর	sh A m O r	native
শ্যামল	sh A m O l	native
শ্যামলকে	sh A m o l k e	native
শ্যামলদের	sh A m o l d e r	native
শ্যামলা	sh A m l a	native
শ্যামলাল	sh A m l a l	native
শ্যামলি	sh A m o l i	native
শ্যামলিতে	sh A m o l i t e	native
শ্যামলিপাড়া	sh A m o l i p a r a	native
শ্যামলির	sh A m o l i r	native
শ্যামলে	sh A m o l e	native
শ্যামলের	sh A m O l e r	native
শ্যামসুন্দর	sh A m sh u nd O r	native
শ্যামা	sh A m a	native
শ্যামাংগ	sh A m a ng g	native
শ্যামাক	sh A m a k	native
শ্যামাচরন	sh A m a ch o r o n	native
শ্যামাপুজা	sh A m a p u j a	native
শ্যামার	sh A m a r	native
শ্যামায়মান	sh A m a y o m a n	native
শ্যাম্পুও	sh A mp u	native
শ্যাম্পুতে	sh A mp u t e	native
শ্যাম্পুর	sh A mp u r	native
শ্যাম্পেন	sh A mp e n	native
শ্যাম্পেনের	sh A mp e n e r	native
শ্যারন	sh A r O n	native
শ্যাল	sh A l	native
শ্যালকের	sh A l O k e r	native
শ্যালা	sh a l a	native
শ্যালিকাকে	sh A l i k a k e	native
শ্যালিকার	sh A l i k a r	native
শ্যালো	sh A l O	native
শ্যালোইঞ্জিন	sh A l O i n j i n	loanword
শ্যালোইঞ্জিনচালিত	sh A l O i n j i n ch a l i t o	compound
শ্যালোমেশিন	sh A l O m e sh i n	loanword
শ্যাশ	sh A sh	native
শ্যাশে	sh A sh e	native
স্যাংশন	s A ng sh o n	loanword
স্যাটেলাইটভিত্তিক	sh A T e l a i T bh i tt i k	compound
স্যাতলা	sh A t l a	native
স্যাতসেতে	sh A t sh e t e	native
স্যাতস্যাতে	sh A t sh A t e	native
স্যান	sh A n	native
স্যান্ডউইচচালিত	sh A n D u i ch ch a l i t	compound
স্যালাইনসহ	s A l a i n sh o h O	loanword
হ্যাটট্রিকসহ	h A T T r i k sh o h O	loanword
হ্যান্ডশেক	h A n D sh e k	loanword
হ্যাপিনেস	h A p i n e sh	native
হ্যাশট্যাগ	h A sh T A g	loanword
হ্যাসট্যাগ	h A sh T A g	loanword